Name,Age,Height,Root,Container,Habit,Breaks
Ligustrum lucidum,,40-60,C,3,Branched,3
Abelia x grandiflora,,30-40,C,2,Bushy,3
Abelia x grandiflora,,30-40,C,3,Bushy,3
Artemisia 'Powis Castle',,20-30,C,2,Bushy,5
Artemisia 'Powis Castle',,20-30,C,3,Bushy,5
Atriplex halimus,,20-30,C,2,Bushy,3
Atriplex halimus,,30-40,C,3,Bushy,3
Berberis x frikartii 'Telstar',,20-30,C,2,Bushy,3
Berberis x frikartii 'Telstar',,25-30,C,3,Bushy,4
Berberis julianiae,,20-30,C,2,Bushy,3
Berberis julianiae,,30-40,C,3,Bushy,3
Berberis thunbergii,1+0 or 1/0,15-30,Ce,100 cc,Branched,2
Berberis thunbergii,1+2 or 1/2,30-40,B,,Branched,3
Berberis thunbergii,,20-30,C,2,Branched,3
Berberis thunbergii,,30-40,C,3,Branched,5
Berberis thunbergii 'Atropurpurea Nana',,15-20,C,2,Branched,3
Berberis thunbergii 'Atropurpurea Nana',,20-30,C,3,Branched,3
Berberis thunbergii 'Green Carpet',,20-30,C,2,Branched,3
Berberis thunbergii 'Green Carpet',,30-40,C,3,Branched,4
Berberis verruculosa,,20-30,C,2,Bushy,3
Berberis verruculosa,,30-40,C,3,Bushy,4
Berberis wilsoniae,1+2,30-40,B,,Bushy,3
Berberis wilsoniae,,20-30,C,2,Bushy,3
Berberis wilsoniae,,30-40,C,3,Bushy,4
Buddleia alternifolia,,40-60,C,3,Branched,3
Bupleurum fruticosum,,30-40,C,2,Bushy,3
Buxus sempervirens 'Suffruticosa',,10-15,C,1,Bushy,4
Buxus sempervirens 'Suffruticosa',,10-15,C,2,Bushy,6
Calluna vulgaris,,,C,0.5,Bushy,
Calluna vulgaris,,,C,1,Bushy,
Calluna vulgaris,,,C,2,Bushy,
Calluna 'Darkness',,,C,0.5,Bushy,
Calluna 'Darkness',,,C,1,Bushy,
Calluna 'Darkness',,,C,1.5-2,Bushy,
Calluna 'Firefly',,,C,0.5,Bushy,
Calluna 'Firefly',,,C,1,Bushy,
Calluna 'Firefly',,,C,2,Bushy,
Calluna 'County Wicklow',,,C,0.5,Bushy,
Calluna 'County Wicklow',,,C,1,Bushy,
Calluna 'County Wicklow',,,C,2,Bushy,
Calluna 'Elsie Purnell',,,C,0.5,Bushy,
Calluna 'Elsie Purnell',,,C,1,Bushy,
Calluna 'Elsie Purnell',,,C,2,Bushy,
Calluna 'J H Hamilton',,,C,0.5,Bushy,
Calluna 'J H Hamilton',,,C,1,Bushy,
Calluna 'J H Hamilton',,,C,2,Bushy,
Calluna 'Peter Sparkes',,,C,0.5,Bushy,
Calluna 'Peter Sparkes',,,C,1,Bushy,
Calluna 'Peter Sparkes',,,C,2,Bushy,
Calluna 'Kinlochruel',,,C,0.5,Bushy,
Calluna 'Kinlochruel',,,C,1,Bushy,
Calluna 'Kinlochruel',,,C,2,Bushy,
Calluna 'Spring Cream',,,C,0.5,Bushy,
Calluna 'Spring Cream',,,C,1,Bushy,
Calluna 'Spring Cream',,,C,2,Bushy,
Calluna 'Silver Queen',,,C,0.5,Bushy,
Calluna 'Silver Queen',,,C,1,Bushy,
Calluna 'Silver Queen',,,C,2,Bushy,
Calluna 'Sister Anne',,,C,0.5,Bushy,
Calluna 'Sister Anne',,,C,1,Bushy,
Calluna 'Sister Anne',,,C,2,Bushy,
Calluna 'Beoley Gold',,,C,0.5,Bushy,
Calluna 'Beoley Gold',,,C,1,Bushy,
Calluna 'Beoley Gold',,,C,2,Bushy,
Calluna 'Gold Haze',,,C,0.5,Bushy,
Calluna 'Gold Haze',,,C,1,Bushy,
Calluna 'Gold Haze',,,C,2,Bushy,
Camellia williamsii 'J C Williams',,40-60,C,3-4,Leader with laterals,2/3
Camellia williamsii 'Saint Ewe',,40-60,C,3-4,Leader with laterals,2/3
Camellia japonica 'Gloire de Nantes',,40-60,C,3-4,Leader with laterals,2/3
Camellia japonica 'Lady Clare',,40-60,C,3-4,Leader with laterals,2/3
Camellia japonica 'R L Wheeler',,40-60,C,3-4,Leader with laterals,2/3
Camellia williamsii 'Donation',,40-60,C,3-4,Leader with laterals,2/3
Camellia williamsii 'Inspiration',,40-60,C,3-4,Leader with laterals,2/3
Camellia williamsii 'Anticipation',,40-60,C,3-4,Leader with laterals,2/3
Camellia japonica 'Elegans',,40-60,C,3-4,Leader with laterals,2/3
Camellia williamsii 'Debbie',,40-60,C,3-4,Leader with laterals,2/3
Camellia japonica 'Jupiter',,40-60,C,3-4,Leader with laterals,2/3
Camellia japonica 'Adolphe Audusson',,40-60,C,3-4,Leader with laterals,2/3
Camellia japonica 'Rubescens Major',,40-60,C,3-4,Leader with laterals,2/3
Camellia japonica 'Alba Simplex',,40-60,C,3-4,Leader with laterals,2/3
Camellia japonica 'Haku-rakuten',,40-60,C,3-4,Leader with laterals,2/3
Camellia japonica 'Tricolor',,40-60,C,3-4,Leader with laterals,2/3
Camellia japonica 'Contessa Lavinia Magg,,40-60,C,3-4,Leader with laterals,2/3
Caragana arborescens,,40-60,C,3,Branched,3
Caryopteris x clandonensis 'Heavenly Blue,,20-30,C,2,Branched,3
Ceanothus 'Autumnal Blue',,30-40,C,2,Leader with laterals,3
Ceanothus 'Autumnal Blue',,40-60,C,3,Leader with laterals,4
Ceanothus 'Cascade',,40-60,C,3,Leader with laterals,3
Ceanothus x delileanus 'Gloire de Versaill,,40-60,C,3,Leader with laterals,3
Ceanothus x delileanus 'Topaze',,40-60,C,3,Leader with laterals,3
Ceanothus 'Puget Blue',,40-60,C,3,Leader with laterals,3
Ceratostigma willmottianum,,20-30,C,2,Bushy,3
Ceratostigma willmottianum,,30-40,C,3,Bushy,4
Chaenomeles speciosa 'Nivalis',,40-60,C,3,Branched,2
Chaenomeles x superba 'Nicoline',,30-40,C,2,Branched,2
Chaenomeles x superba 'Nicoline',,40-60,C,3,Branched,2
Chaenomeles x superba 'Pink Lady',,30-40,C,2,Branched,2
Chaenomeles x superba 'Pink Lady',,40-60,C,3,Branched,2
Chaenomeles x superba 'Rowallane',,30-40,C,2,Branched,2
Chaenomeles x superba 'Rowallane',,40-60,C,3,Branched,2
Chimonanthus praecox,,40-60,C,3,Branched,3
Clerodendron trichotomum,,40-60,C,3,Branched,3
Clethra alnifolia 'Paniculata',,30-40,C,3,Branched,3
Colutea arborescens,,40-60,C,3,Branched,3
Cornus mas,1+2 or 1/2,60-80,B,,Branched,3
Cornus mas,,40-60,C,2,Branched,3
Cornus mas,,40-60,C,3,Branched,4
Cornus sanguinea,1+0 or 1/0,20-40,Ce,100 cc,Branched,
Cornus sanguinea,1+1 or 1/1,40-60,B,,Branched,2
Cornus sanguinea,1+2,60-80,B,,Branched,3
Cornus sanguinea,,40-60,C,2,Branched,3
Cornus sanguinea,,40-60,C,3,Branched,4
Cornus stolonifera 'Kelseyi',,30-40,C,2,Several shoots,3
Corylopsis sinensis sinensis (willmottiae),,30-40,C,3,Branched,3
Corylus avellana,1+0 or 1/0,20-40,Ce,100 cc,Branched,
Corylus avellana,1+1 or 1/1,40-60,B,,Branched,2
Corylus avellana,1+2 or 1/2,60-80,B,,Branched,3
Corylus avellana,,40-60,C,2,Branched,2
Corylus avellana,,60-80,C,3,Branched,3
Cotinus coggygria,,40-60,C,3,Branched,3
Cotinus 'Flame',,30-40,C,3,Branched,3
Cotinus 'Grace',,30-40,C,3,Branched,3
Cotoneaster nansham (adpressus praeco,,20-30,C,2,Bushy,3
Cotoneaster nansham (adpressus praeco,,30-40,C,2,Bushy,3
Cotoneaster salicifolius 'Gnom',,40-60 (D),C,3,Branched,3
Cotoneaster salicifolius 'Rothschildianus',,40-60,C,3,Branched,2
Cytisus x beanii,,15-30,C,2,Bushy,5
Cytisus x beanii,,20-30,C,3,Bushy,6
Cytisus 'Burkwoodii',,30-40,C,2,Bushy,5
Cytisus 'Burkwoodii',,40-60,C,3,Bushy,7
Cytisus 'Golden Sunlight',,30-40,C,2,Bushy,5
Cytisus 'Golden Sunlight',,40-60,C,3,Bushy,7
Cytisus 'Hollandia',,30-40,C,2,Bushy,5
Cytisus 'Hollandia',,40-60,C,3,Bushy,7
Cytisus 'Lena',,30-40,C,2,Bushy,5
Cytisus 'Lena',,40-60,C,3,Bushy,7
Cytisus multiflorus,,30-40,C,2,Bushy,5
Cytisus multiflorus,,40-60,C,3,Bushy,7
Cytisus scoparius,1+0 or 1/0,20-40,Ce,100 cc,Bushy,
Cytisus scoparius,,30-40,C,2,Bushy,5
Cytisus scoparius,,40-60,C,3,Bushy,7
Cytisus scoparius andreanus,,30-40,C,2,Bushy,5
Cytisus scoparius andreanus,,40-60,C,3,Bushy,7
Cytisus scoparius 'Cornish Cream',,30-40,C,2,Bushy,5
Cytisus scoparius 'Cornish Cream',,40-60,C,3,Bushy,7
Cytisus 'Zeelandia',,30-40,C,2,Bushy,5
Cytisus 'Zeelandia',,40-60,C,3,Bushy,7
Daboecia cantabrica 'Waley's Red',,,C,0.5,Bushy,5
Daboecia cantabrica 'Waley's Red',,,C,1,Bushy,5
Daboecia cantabrica 'Waley's Red',,,C,2,Bushy,5
Daboecia x scotica 'Jack Drake',,,C,0.5,Bushy,5
Daboecia x scotica 'Jack Drake',,,C,1,Bushy,5
Daboecia x scotica 'Jack Drake',,,C,2,Bushy,5
Daboecia x scotica 'Silverwells',,,C,0.5,Bushy,5
Daboecia x scotica 'Silverwells',,,C,1,Bushy,5
Daboecia x scotica 'Silverwells',,,C,2,Bushy,5
Daphne mezereum,,40-60,RB,,Branched,3
Daphne mezereum,,30-40,C,3,Branched,3
Deutzia x rosea 'Carminea',,30-40,C,2,Branched,3
Deutzia x rosea 'Carminea',,40-60,C,3,Branched,4
Elaeagnus angustifolia,,40-60,C,3,Branched,3
Elaeagnus commutata,,40-60,C,3,Branched,3
Erica arborea Alpina,,20-30,C,2,Bushy,3
Erica carnea 'R B Cooke',,,C,0.5,Bushy,
Erica carnea 'R B Cooke',,,C,1,Bushy,
Erica carnea 'R B Cooke',,,C,2,Bushy,
Erica carnea 'Pink Spangles',,,C,0.5,Bushy,
Erica carnea 'Pink Spangles',,,C,1,Bushy,
Erica carnea 'Pink Spangles',,,C,2,Bushy,
Erica carnea 'Rosalie',,,C,0.5,Bushy,
Erica carnea 'Rosalie',,,C,1,Bushy,
Erica carnea 'Rosalie',,,C,2,Bushy,
Erica x darleyensis 'J W Porter',,,C,0.5,Bushy,
Erica x darleyensis 'J W Porter',,,C,1,Bushy,
Erica x darleyensis 'J W Porter',,,C,2,Bushy,
Erica mediterranea 'Irish Dusk',,,C,0.5,Bushy,
Erica mediterranea 'Irish Dusk',,,C,1,Bushy,
Erica mediterranea 'Irish Dusk',,,C,2,Bushy,
Erica carnea 'Myretoun Ruby',,,C,0.5,Bushy,
Erica carnea 'Myretoun Ruby',,,C,1,Bushy,
Erica carnea 'Myretoun Ruby',,,C,2,Bushy,
Erica carnea 'Nathalie',,,C,0.5,Bushy,
Erica carnea 'Nathalie',,,C,1,Bushy,
Erica carnea 'Nathalie',,,C,2,Bushy,
Erica x darleyensis 'Karmer's Rote',,,C,0.5,Bushy,
Erica x darleyensis 'Karmer's Rote',,,C,1,Bushy,
Erica x darleyensis 'Karmer's Rote',,,C,2,Bushy,
Erica carnea 'Springwood White',,,C,0.5,Bushy,
Erica carnea 'Springwood White',,,C,1,Bushy,
Erica carnea 'Springwood White',,,C,2,Bushy,
Erica x darleyensis 'White Perfection',,,C,0.5,Bushy,
Erica x darleyensis 'White Perfection',,,C,1,Bushy,
Erica x darleyensis 'White Perfection',,,C,2,Bushy,
Erica carnea 'Anne Sparkes',,,C,0.5,Bushy,
Erica carnea 'Anne Sparkes',,,C,1,Bushy,
Erica carnea 'Anne Sparkes',,,C,2,Bushy,
Erica carnea 'Golden Starlet',,,C,0.5,Bushy,
Erica carnea 'Golden Starlet',,,C,1,Bushy,
Erica carnea 'Golden Starlet',,,C,2,Bushy,
Erica carnea 'Foxhollow',,,C,0.5,Bushy,
Erica carnea 'Foxhollow',,,C,1,Bushy,
Erica carnea 'Foxhollow',,,C,2,Bushy,
Erica cinerea 'Pink Ice',,,C,0.5,Bushy,
Erica cinerea 'Pink Ice',,,C,1,Bushy,
Erica cinerea 'Pink Ice',,,C,2,Bushy,
Erica vagans 'Mrs D F Maxwell',,,C,0.5,Bushy,
Erica vagans 'Mrs D F Maxwell',,,C,1,Bushy,
Erica vagans 'Mrs D F Maxwell',,,C,2,Bushy,
Erica x stuartii 'Irish Lemon',,,C,0.5,Bushy,
Erica x stuartii 'Irish Lemon',,,C,1,Bushy,
Erica x stuartii 'Irish Lemon',,,C,2,Bushy,
Erica tetralix 'Pink Star',,,C,0.5,Bushy,
Erica tetralix 'Pink Star',,,C,1,Bushy,
Erica tetralix 'Pink Star',,,C,2,Bushy,
Erica ciliaris 'Corfe Castle',,,C,0.5,Bushy,
Erica ciliaris 'Corfe Castle',,,C,1,Bushy,
Erica ciliaris 'Corfe Castle',,,C,2,Bushy,
Erica cinerea 'C D Eason',,,C,0.5,Bushy,
Erica cinerea 'C D Eason',,,C,1,Bushy,
Erica cinerea 'C D Eason',,,C,2,Bushy,
Erica cinerea 'Katinka',,,C,0.5,Bushy,
Erica cinerea 'Katinka',,,C,1,Bushy,
Erica cinerea 'Katinka',,,C,2,Bushy,
Erica tetralix 'Con Underwood',,,C,0.5,Bushy,
Erica tetralix 'Con Underwood',,,C,1,Bushy,
Erica tetralix 'Con Underwood',,,C,2,Bushy,
Erica cinerea 'Alba Minor',,,C,0.5,Bushy,
Erica cinerea 'Alba Minor',,,C,1,Bushy,
Erica cinerea 'Alba Minor',,,C,2,Bushy,
Erica vagans 'Lyonesse',,,C,0.5,Bushy,
Erica vagans 'Lyonesse',,,C,1,Bushy,
Erica vagans 'Lyonesse',,,C,2,Bushy,
Erica cinerea 'Fiddlers Gold',,,C,0.5,Bushy,
Erica cinerea 'Fiddlers Gold',,,C,1,Bushy,
Erica cinerea 'Fiddlers Gold',,,C,2,Bushy,
Erica tetralix 'Alba Mollis',,,C,0.5,Bushy,
Erica tetralix 'Alba Mollis',,,C,1,Bushy,
Erica tetralix 'Alba Mollis',,,C,2,Bushy,
Erica vagans 'Valerie Proudley',,,C,0.5,Bushy,
Erica vagans 'Valerie Proudley',,,C,1,Bushy,
Erica vagans 'Valerie Proudley',,,C,2,Bushy,
Euonymus alatus 'Compactus',,30-40,C,3,Branched,3
Euonymus europaeus,1+0 or 1/0,20-40,Ce,100 cc,Branched,
Euonymus europaeus,1+1 or 1/1,40-60,B,,Branched,3
Euonymus europaeus,1+2,60-80,B,,Branched,5
Euonymus europaeus,,30-40,C,2,Branched,3
Euonymus europaeus,,40-60,C,3,Branched,4
Euonymus europaeus 'Red Cascade',,60-80,C,3,Branched,3
Euonymus fortunei 'Darts Blanket',,20-30D,C,2,Bushy,3
Euonymus fortunei 'Darts Blanket',,30-40D,C,3,Bushy,5
Euonymus japonicus,,30-40,C,2,Branched,3
Euonymus japonicus,,30-40,C,3,Branched,4
Forsythia x intermedia 'Spectabilis',0/2,60-80,B,,Branched,3
Forsythia x intermedia 'Spectabilis',,60-80,C,3,Branched,3
Forsythia suspensa,,40-60,C,3,Branched,3
Fuchsia 'Madame Cornelissen',,20-30,C,2,Bushy,3
Fuchsia 'Madame Cornelissen',,30-40,C,3,Bushy,5
Fuchsia magellanica 'Versicolor',,20-30,C,2,Bushy,3
Fuchsia magellanica 'Versicolor',,20-30,C,3,Bushy,5
Fuchsia 'Mrs Popple',,20-30,C,2,Bushy,3
Fuchsia 'Mrs Popple',,20-30,C,3,Bushy,5
Fuchsia 'Riccartonii',,20-30,C,2,Bushy,3
Fuchsia 'Riccartonii',,20-30,C,3,Bushy,5
Gaultheria mucronata 'Bells Seedling',,20-30,C,2,Bushy,3
Gaultheria mucronata 'Bells Seedling',,30-40,C,3,Bushy,3
Gaultheria mucronata Male Form,,20-30,C,2,Bushy,3
Gaultheria mucronata Male Form,,30-40,C,3,Bushy,3
Gaultheria mucronata 'Pink Pearl',,20-30,C,2,Bushy,3
Gaultheria mucronata 'Pink Pearl',,30-40,C,3,Bushy,3
Gaultheria mucronata 'Wintertime',,20-30,C,2,Bushy,3
Gaultheria mucronata 'Wintertime',,30-40,C,3,Bushy,3
Gaultheria procumbens,,10-15D,C,1,Several shoots,5
Gaultheria procumbens,,15-20D,C,2,Several shoots,10
Gaultheria shallon,,20-30,C,2,Several shoots,3
Gaultheria shallon,,30-40,C,3,Several shoots,5
Genista aetnensis,,40-60,C,3,Leader and laterals,3
Genista tinctoria 'Royal Gold',,20-30,C,2,Branched,5
Genista tinctoria 'Royal Gold',,30-40,C,3,Branched,7
Hebe 'Great Orme',,20-30,C,2,Bushy,3
Hebe 'Great Orme',,30-40,C,3,Bushy,3
Hebe ochracea 'James Stirling',,15-20D,C,2,Bushy,3
Hebe 'Spenders Seedling',,30-40,C,2,Bushy,3
Hebe 'Spenders Seedling',,30-40,C,3,Bushy,5
Hibiscus syriacus 'Blue Bird',,40-60,C,15,Branched,5
Hibiscus syriacus 'Blue Bird',,40-60,C,3,Branched,3
Hibiscus syriacus 'Diana',,40-60,C,15,Branched,5
Hibiscus syriacus 'Diana',,30-40,C,3,Branched,3
Hibiscus syriacus 'Woodbridge',,40-60,C,15,Branched,5
Hibiscus syriacus 'Woodbridge',,40-60,C,3,Branched,3
Hippophae rhamnoides,1+0 or 1/0,25-30,Ce,100 cc,Branched,
Hippophae rhamnoides,1+1 or 1/1,40-60,B,,Branched,2
Hippophae rhamnoides,1+2 or 1/2,60-80,B,,Branched,3
Hippophae rhamnoides,,40-60,C,2,Branched,3
Hippophae rhamnoides,,40-60,C,3,Branched,5
Hydrangea arborescens 'Annabelle',,60-80,C,10,Branched,7
Hydrangea arborescens 'Grandiflora',,40-60,C,3,Branched,3
Hydrangea macrophylla 'Altona',,30-40,C,3,Branched,3
Hydrangea macrophylla 'Altona',,40-60,C,5,Branched,5
Hydrangea macrophylla 'Ami Pasquier',,30-40,C,3,Branched,3
Hydrangea macrophylla 'Ami Pasquier',,40-60,C,5,Branched,5
Hydrangea macrophylla 'Ayesha',,30-40,C,3,Branched,3
Hydrangea macrophylla 'Ayesha',,40-60,C,5,Branched,5
Hydrangea 'Generale Vicomtesse de Vibr,,30-40,C,3,Branched,3
Hydrangea 'Generale Vicomtesse de Vibr,,40-60,C,5,Branched,5
Hydrangea macrophylla 'Madame Emilie,,30-40,C,3,Branched,3
Hydrangea macrophylla 'Madame Emilie,,40-60,C,5,Branched,5
Hydrangea macrophylla 'Westfalen',,30-40,C,3,Branched,3
Hydrangea macrophylla 'Westfalen',,40-60,C,5,Branched,5
Hydrangea macrophylla 'Lanarth White',,30-40,C,3,Branched,3
Hydrangea macrophylla 'Lanarth White',,40-60,C,5,Branched,5
Hydrangea macrophylla 'Veitchii',,20-30,C,2,Branched,3
Hydrangea macrophylla 'Veitchii',,30-40,C,3,Branched,3
Hydrangea macrophylla 'Veitchii',,40-60,C,5,Branched,5
Hydrangea paniculata 'Kyushu',,30-40,C,3,Branched,3
Hydrangea paniculata 'Kyushu',,30-40,C,5,Branched,5
Hydrangea paniculata 'Unique',,30-40,C,3,Branched,3
Hydrangea paniculata 'Unique',,40-60,C,5,Branched,5
Hydrangea quercifolia,,30-40,C,3,Branched,3
Hydrangea quercifolia,,40-50,C,5,Branched,3
Hypericum calycinum,,5-10,C,0.5,Bushy,
Hypericum calycinum,,10-15,C,1,Bushy,5
Hypericum forrestii,,20-30,C,2,Bushy,
Hypericum forrestii,,30-40,C,3,Bushy,
Hypericum x moseranum,,20-30,C,2,Bushy,5
Hypericum x moseranum,,30-40,C,3,Bushy,7
Indigofera heterantha,,30-40,C,3,Branched,3
Kerria japonica 'Pleniflora',,80-100,C,15,Bushy,9
Kerria japonica 'Pleniflora',,40-60,C,3,Branched,3
Kerria japonica 'Pleniflora',,60-80,C,10,Branched,7
Kolkwitzia amabilis 'Pink Cloud',,40-60,C,3,Bushy,4
Lavandula angustifolia 'Twickel Purple',,15-20,C,2,Bushy,5
Lavandula angustifolia 'Twickel Purple',,20-30,C,3,Bushy,5
Lavandula angustifolia 'Twickel Purple',,30-40,C,5-7.5,Bushy,7
Leycesteria formosa,,40-60,C,3,Branched,3
Ligustrum vulgare,1+0 or 1/0,20-40,Ce,100 cc,Branched,
Ligustrum vulgare,1+1 or 1/1,60-80,B,,Branched,3
Ligustrum vulgare,,40-60,C,2,Branched,3
Ligustrum vulgare,,60-80,C,3,Branched,4
Magnolia x loebneri 'Leonard Messel',,60-80,RB,,Branched,3
Mahonia aquifolium,1+0 or 1/0,20-30,Ce,50 cc,Branched,
Mahonia aquifolium,,20-30,C,2,Branched,2
Mahonia aquifolium,,30-40,C,3,Branched,3
Myrtus communis,,30-40,C,3,Bushy,5
Pachysandra terminalis,,10-15D,C,0.5,Several shoots,5
Pachysandra terminalis,,15-20D,C,2,Several shoots,7
Pachysandra terminalis,,15-20D,C,3,Several shoots,9
Perovskia atriplicifolia 'Blue Spire',,20-30,C,2,Bushy,3
Perovskia atriplicifolia 'Blue Spire',,30-40,C,3,Bushy,3
Philadelphus microphyllus,,30-40,C,3,Branched,3
Phlomis fruticosa,,20-30,C,2,Branched,3
Phlomis fruticosa,,30-40,C,3,Branched,4
Prunus cerasifera,1+0 or 1/0,20-40,Ce,100 cc,Branched,
Prunus cerasifera,1+0 or 1/0,60-80,B,,Branched,1
Prunus cerasifera,1+1 or 1/1,60-80,B,,Branched,3
Rhamnus alaterna 'Argenteovariegata',,30-40,C,3,Leader and laterals,3
Rhamnus cathartica,1+0 or 1/0,20-40,Ce,100 cc,Leader and laterals,
Rhamnus cathartica,1+1 or 1/1,40-60,B,,Leader and laterals,3
Rhamnus cathartica,1+1 or 1/1,60-80,B,,Leader and laterals,3
Rhamnus cathartica,,40-60,C,2,Leader and laterals,3
Rhamnus frangula,1+0 or 1/0,20-40,Ce,100 cc,Leader and laterals,
Rhamnus frangula,1+1 or 1/1,40-60,B,,Leader and laterals,3
Rhamnus frangula,1+1 or 1/1,60-80,B,,Leader and laterals,3
Rhamnus frangula,,40-60,C,2,Leader and laterals,3
Rhododendron 'Dopey',,25-30,C,3-4,Branched,3
Rhododendron 'Dopey',,30-40,C,5-7.5,Branched,3
Rhododendron 'Scarlet Wonder',,25-30,C,3-4,Bushy,5
Rhododendron 'Scarlet Wonder',,30-40,C,5-7.5,Bushy,5
Rhododendron 'Golden Torch',,40-50,RB,,Branched,3
Rhododendron 'Golden Torch',,30-40,C,3-4,Branched,3
Rhododendron lutescens,,40-50,RB,,Branched,3
Rhododendron lutescens,,30-40,C,3-4,Branched,3
Rhododendron 'Yellow Hammer',,25-30,RB,,Branched,3
Rhododendron 'Yellow Hammer',,25-30,C,3-4,Branched,3
Rhododendron 'Curlew',,25-30,RB,,Bushy,5
Rhododendron 'Curlew',,25-30,C,3-4,Bushy,5
Rhododendron 'Princess Anne',,25-30,RB,,Bushy,5
Rhododendron 'Princess Anne',,25-30,C,3-4,Bushy,5
Rhododendron 'Brocade',,40-50,RB,,Branched,3
Rhododendron 'Brocade',,30-40,C,3-4,Branched,3
Rhododendron 'Pink Cherub',,40-50,RB,,Branched,3
Rhododendron 'Pink Cherub',,30-40,C,3-4,Branched,3
Rhododendron williamsianum,,25-30,RB,,Bushy,5
Rhododendron williamsianum,,25-30,C,3-4,Bushy,5
Rhododendron 'Pink Pebble',,25-30,RB,,Bushy,5
Rhododendron 'Pink Pebble',,25-30,C,3-4,Bushy,5
Rhododendron yakushimanum,,20-25,RB,,Branched,3
Rhododendron yakushimanum,,25-30,C,3-4,Branched,3
Rhododendron 'Percy Wiseman',,25-30,C,3-4,Branched,3
Rhododendron 'Percy Wiseman',,30-40,C,5-7.5,Branched,3
Rhododendron 'Dora Amateis',,25-30,C,3-4,Bushy,5
Rhododendron 'Dora Amateis',,30-40,C,5-7.5,Bushy,5
Rhododendron ponticum,,50-60,RB,,Branched,3
Rhododendron ponticum,,30-40,C,3-4,Branched,3
Rhododendron ponticum,,40-60,C,5-7.5,Branched,3
Rhododendron 'Blue Diamond',,20-25,RB,,Branched,3
Rhododendron 'Blue Diamond',,25-30,C,3-4,Branched,3
Rhododendron 'Penheale Blue',,25-30,RB,,Branched,3
Rhododendron 'Penheale Blue',,25-30,C,3-4,Branched,3
Rhododendron 'Saint Tudy',,25-30,C,3-4,Branched,3
Rhododendron 'Saint Tudy',,30-40,C,5-7.5,Branched,3
Rhododendron hippophaeoides 'Inshriach',,25-30,C,3-4,Bushy,5
Rhododendron 'Sapphire',,25-30,C,1.5-2,Bushy,5
Rhododendron 'Sapphire',,25-30,C,3-4,Bushy,5
Rhododendron 'Addy Wery',,25-30,C,1.5-2,Bushy,5
Rhododendron 'Addy Wery',,25-30,C,3-4,Bushy,5
Rhododendron 'Hino Crimson',,25-30,C,1.5-2,Bushy,5
Rhododendron 'Hino Crimson',,25-30,C,3-4,Bushy,5
Rhododendron 'Hinodegiri',,25-30,C,1.5-2,Bushy,5
Rhododendron 'Hinodegiri',,25-30,C,3-4,Bushy,5
Rhododendron 'Mothers Day',,25-30,C,1.5-2,Bushy,5
Rhododendron 'Mothers Day',,25-30,C,3-4,Bushy,5
Rhododendron 'Orange Beauty',,25-30,C,1.5-2,Bushy,5
Rhododendron 'Orange Beauty',,25-30,C,3-4,Bushy,5
Rhododendron 'Vuyks Scarlet',,25-30,C,1.5-2,Bushy,5
Rhododendron 'Vuyks Scarlet',,25-30,C,3-4,Bushy,5
Rhododendron 'Blaauw's Pink',,25-30,C,1.5-2,Bushy,5
Rhododendron 'Blaauw's Pink',,25-30,C,3-4,Bushy,5
Rhododendron 'Hinomayo',,25-30,C,1.5-2,Bushy,5
Rhododendron 'Hinomayo',,25-30,C,3-4,Bushy,5
Rhododendron 'Rosebud',,25-30,C,1.5-2,Bushy,5
Rhododendron 'Rosebud',,25-30,C,3-4,Bushy,5
Rhododendron 'Kure-no-Yuki',,25-30,C,1.5-2,Bushy,5
Rhododendron 'Kure-no-Yuki',,25-30,C,3-4,Bushy,5
Rhododendron 'Palestrina',,25-30,C,1.5-2,Bushy,5
Rhododendron 'Palestrina',,25-30,C,3-4,Bushy,5
Rhododendron 'Blue Danube',,25-30,C,1.5-2,Bushy,5
Rhododendron 'Blue Danube',,25-30,C,3-4,Bushy,5
Rhododendron 'Satan',,25-30,C,1.5-2,Branched,2
Rhododendron 'Satan',,25-30,C,3-4,Branched,2
Rhododendron 'Narcissiflorum',,40-50,RB,,Branched,2
Rhododendron 'Narcissiflorum',,30-40,C,5-7.5,Branched,2
Rosa arvensis,1+0 or 1/0,15-30,Ce,100 cc,Branched,
Rosa arvensis,1+0 or 1/0,40-50,B,,Branched,2
Rosa arvensis,1+0 or 1/0,50-60,B,,Branched,2
Rosa arvensis,1+1 or 1/1,60-80,B,,Branched,2
Rosa arvensis,,30-40,C,2,Branched,3
Rosa arvensis,,40-60,C,3,Branched,5
Rosa 'Blanche Double de Coubert' (Ru),Budded,,B,,Bush,Qual A
Rosa 'Blanche Double de Coubert' (Ru),Budded,,C,4,Bush,Qual A
Rosa canina,1+0 or 1/0,15-30,Ce,100 cc,Branched,
Rosa canina,1+0 or 1/0,40-50,B,,Branched,
Rosa canina,1+1 or 1/1,60-80,B,,Branched,3
Rosa canina,,,C,2,Branched,3
Rosa canina,,,C,3,Branched,5
Rosa eglanteria (rubiginosa),1+0 or 1/0,15-30,Ce,100 cc,Branched,
Rosa eglanteria (rubiginosa),1+1 or 1/1,40-60,B,,Branched,3
Rosa eglanteria (rubiginosa),,40-60,C,3,Branched,5
Rosa 'Fru Dagmar Hastrup' (Ru),Budded,,B,,Bush,Qual A
Rosa 'Fru Dagmar Hastrup' (Ru),Budded,,C,4,Bush,Qual A
Rosa 'Fru Dagmar Hastrup' (Ru),Cutting,,C,2,Bush,3
Rosa glauca (rubrifolia),1+1 or 1/1,40-60,B,,Branched,3
Rosa glauca (rubrifolia),,40-60,C,2,Branched,3
Rosa glauca (rubrifolia),,40-60,C,3,Branched,5
Rosa 'Hansa',Budded,,B,,Bush,Qual A
Rosa 'Hansa',Budded,,C,4,Bush,Qual A
Rosa 'Hansa',Cutting,,C,2,Bush,3
Rosa moyesii,1+1 or 1/1,40-60,B,,Branched,3
Rosa moyesii,,,C,2,Bush,3
Rosa nitida,1+1 or 1/1,40-60,B,,Branched,2
Rosa nitida,,,C,2,Bush,3
Rosa pimpinellifolia,1+0 or 1/0,15-30,Ce,100 cc,Branched,
Rosa pimpinellifolia,1+1 or 1/1,40-60,B,,Branched,3
Rosa pimpinellifolia,,40-60,C,2,Bush,3
Rosa pimpinellifolia,,40-60,C,3,Bush,5
Rosa 'Roserie de l'Hay' (Ru),Budded,,B,,Bush,Qual A
Rosa 'Roserie de l'Hay' (Ru),Budded,,C,4,Bush,Qual A
Rosa 'Roserie de l'Hay' (Ru),Cutting,,C,2,Bush,3
Rosa rugosa,1+0 or 1/0,15-30,Ce,100 cc,Branched,
Rosa rugosa,1+1 or 1/1,40-60,B,,Branched,2
Rosa rugosa,,40-60,C,2,Branched,3
Rosa rugosa,,40-60,C,3,Branched,5
Rosa rugosa 'Alba',1+1 or 1/1,40-60,B,,Branched,
Rosa rugosa 'Alba',,30-40,C,2,Branched,3
Rosa rugosa 'Alba',,40-60,C,3,Branched,3
Rosa rugosa rubra,1+1 or 1/1,40-60,B,,Branched,2
Rosa rugosa rubra,,30-40,C,2,Branched,2
Rosa rugosa rubra,,40-60,C,3,Branched,3
Rosa rugosa 'Scabrosa',Budded,,B,,Bush,Qual A
Rosa rugosa 'Scabrosa',Budded,,C,4,Bush,Qual A
Rosa rugosa 'Scabrosa',Cutting,,C,2,Bush,2
Rosa 'Schneezwerg' (Ru),Budded,,B,,Bush,Qual A
Rosa 'Schneezwerg' (Ru),Budded,,C,4,Bush,Qual A
Rosa 'Schneezwerg' (Ru),Cutting,,C,2,Bush,Strong
Rosa sericea omeiensis pteracantha,1+1 or 1/1,40-60,B,,Branched,2
Rosa Yellow Dagmar Hastrup (Ru),Budded,,B,,Bush,Qual A
Rosa Yellow Dagmar Hastrup (Ru),Budded,,C,4,Bush,Qual A
Rosa Yellow Dagmar Hastrup (Ru),Cutting,,C,2,Bush,2
Rosa 'Ballerina '82',Budded,,B,,Bush,Qual A
Rosa 'Ballerina '82',Budded,,C,4,Bush,Qual A
Rosa 'Ballerina '82',Cutting,,C,2,Bush,3
Rosa 'Canary Bird',Budded,,B,,Bush,Qual A
Rosa 'Canary Bird',,60-80,C,15,Bush,4
Rosa 'Canary Bird',Budded,,C,4,Bush,Qual A
Rosa 'Canary Bird',Cutting,,C,2,Bush,2
Rosa 'Canary Bird',Cutting,,C,3,Bush,3
Rosa 'Cornelia',Budded,,B,,Bush,Qual A
Rosa 'Cornelia',Budded,,C,4,Bush,Qual A
Rosa 'Cornelia',Cutting,,C,2,Bush,3
Rosa 'Felicia',Budded,,B,,Bush,Qual A
Rosa 'Felicia',Budded,,C,4,Bush,Qual A
Rosa 'Felicia',Cutting,,C,2,Bush,3
Rosa 'Ferdy',Budded,,B,,Bush,Qual A
Rosa 'Ferdy',Budded,,C,4,Bush,Qual A
Rosa 'Ferdy',Cutting,,C,2,Bush,3
Rosa 'Gertrude Jekyll',Budded,,B,,Bush,Qual A
Rosa 'Gertrude Jekyll',Budded,,C,4,Bush,Qual A
Rosa 'Gertrude Jekyll',Cutting,,C,2,Bush,Strong
Rosa 'Golden Wings',Budded,,B,,Bush,Qual A
Rosa 'Golden Wings',Budded,,C,4,Bush,Qual A
Rosa 'Golden Wings',Cutting,,C,2,Bush,3
Rosa 'Graham Thomas',Budded,,B,,Bush,Qual A
Rosa 'Graham Thomas',Budded,,C,4,Bush,Qual A
Rosa 'Graham Thomas',Cutting,,C,2,Bush,Strong
Rosa 'Marguerite Hilling',Budded,,B,,Bush,Qual A
Rosa 'Marguerite Hilling',Budded,,C,4,Bush,Qual A
Rosa 'Marguerite Hilling',Cutting,,C,2,Bush,Strong
Rosa 'Nevada',Budded,,B,,Bush,Qual A
Rosa 'Nevada',Budded,,C,4,Bush,Qual A
Rosa 'Nevada',Cutting,,C,2,Bush,Strong
Rosa 'Penelope',Budded,,B,,Bush,Qual A
Rosa 'Penelope',Budded,,C,4,Bush,Qual A
Rosa 'Penelope',Cutting,,C,2,Bush,Strong
Rosa 'Playtime',Budded,,B,,Bush,Qual A
Rosa 'Playtime',Budded,,C,4,Bush,Qual A
Rosa 'Playtime',Cutting,,C,2,Bush,Strong
Rosa 'Sally Holmes',Budded,,B,,Bush,Qual A
Rosa 'Sally Holmes',Budded,,C,4,Bush,Qual A
Rosa 'Sally Holmes',Cutting,,C,2,Bush,Strong
Rosa 'Tall Story',Budded,,B,,Bush,Qual A
Rosa 'Tall Story',Budded,,C,4,Bush,Qual A
Rosa 'Tall Story',Cutting,,C,2,Bush,Strong
Rosa 'Alba Meidiland',Cutting,,B,,Bush,Strong
Rosa 'Alba Meidiland',Cutting,,C,2,Bush,Strong
Rosa 'Berkshire',Cutting,,B,,Bush,Strong
Rosa 'Berkshire',Cutting,,C,2,Bush,Strong
Rosa 'Broadlands',Cutting,,B,,Bush,Strong
Rosa 'Broadlands',Cutting,,C,2,Bush,Strong
Rosa 'Flower Carpet',Cutting,,B,,Bush,Strong
Rosa 'Flower Carpet',Cutting,,C,2,Bush,Strong
Rosa 'Grouse',Cutting,,B,,Bush,Strong
Rosa 'Grouse',Cutting,,C,2,Bush,Strong
Rosa 'Max Graf',Cutting,,B,,Bush,Strong
Rosa 'Max Graf',Cutting,,C,2,Bush,3
Rosa 'Nozomi',Cutting,,B,,Bush,Strong
Rosa 'Nozomi',Cutting,,C,2,Bush,3
Rosa 'Partridge',Cutting,,B,,Bush,Strong
Rosa 'Partridge',Cutting,,C,2,Bush,3
Rosa 'Paulii',Budded,,B,,Bush,Qual A
Rosa 'Paulii',Cutting,,B,,Bush,Strong
Rosa 'Paulii',Cutting,,C,2,Bush,2
Rosa 'Pheasant',Cutting,,B,,Bush,Strong
Rosa 'Pheasant',Cutting,,C,2,Bush,3
Rosa 'Pink Bells',Cutting,,B,,Bush,Strong
Rosa 'Pink Bells',Cutting,,C,2,Bush,Strong
Rosa 'Red Blanket',Cutting,,B,,Bush,Strong
Rosa 'Red Blanket',Cutting,,C,2,Bush,3
Rosa 'Red Max Graf',Cutting,,B,,Bush,Strong
Rosa 'Red Max Graf',Cutting,,C,2,Bush,3
Rosa 'Smarty',Cutting,,B,,Bush,Strong
Rosa 'Smarty',Cutting,,C,2,Bush,3
Rosa 'Surrey',Cutting,,B,,Bush,Strong
Rosa 'Surrey',Cutting,,C,2,Bush,3
Rosa 'Swany',Cutting,,B,,Bush,Strong
Rosa 'Swany',Cutting,,C,2,Bush,3
Rosa 'The Fairy',Cutting,,B,,Bush,Strong
Rosa 'The Fairy',Cutting,,C,2,Bush,3
Rosa 'White Max Graf',Cutting,,B,,Bush,Strong
Rosa 'White Max Graf',Cutting,,C,2,Bush,3
Rosa 'White Flower Carpet',Cutting,,B,,Bush,Strong
Rosa 'White Flower Carpet',Cutting,,C,2,Bush,3
Rosmarinus officinalis 'Miss Jessopp's Up,,20-30,C,2,Bushy,3
Rosmarinus officinalis 'Miss Jessopp's Up,,30-40,C,3,Bushy,4
Rosmarinus officinalis 'Severn Sea',,30-40,C,2,Bushy,3
Rosmarinus officinalis 'Severn Sea',,40-60,C,3,Bushy,3
Rubus 'Benenden',,40-60,C,3,Branched,3
Rubus 'Betty Ashburner',,20-30 (D),C,0.5,Branched,2
Rubus 'Betty Ashburner',,30-40(D),C,2,Branched,3
Rubus 'Betty Ashburner',,30-40(D),C,3,Branched,5
Rubus fruticosus,1+0 or 1/0,30-40,B,,Branched,2
Rubus fruticosus,,40-60,C,2,Branched,3
Rubus fruticosus,,40-60,C,3,Branched,3
Rubus odoratus,,40-60,B,,Branched,2
Rubus odoratus,,40-60,C,3,Branched,3
Rubus tricolor,,20-30D,C,0.5,Branched,2
Rubus tricolor,,20-30D,C,1,Branched,3
Rubus tricolor,,30-40D,C,2,Branched,4
Rubus tricolor,,30-40D,C,3,Branched,6
Ruscus aculeatus,,20-30,C,2,Several shoots,3
Salix alba sericea,0/1,100-125,B,,Branched,2
Salix alba vitellina 'Britzensis' (alba 'Cherm,0/1,80-100,B,,Branched,2
Salix alba vitellina 'Britzensis' (alba 'Cherm,0/1,100-125,B,,Branched,3
Salix alba vitellina 'Britzensis' (alba 'Cherm,0/1,125-150,B,,Branched,3
Salix caprea,1+0 or 1/0,20-40,Ce,100 cc,Branched,
Salix caprea,0/1,60-80,B,,Branched,2
Salix caprea,0/1,80-100,B,,Branched,2
Salix caprea,0/2,125-150,B,,Branched,3
Salix caprea,,40-60,C,2,Branched,3
Salix caprea,,40-60,C,3,Branched,4
Salix cinerea,1+0 or 1/0,20-40,Ce,100 cc,Branched,
Salix cinerea,0/1,60-80,B,,Branched,2
Salix cinerea,0/1,80-100,B,,Branched,2
Salix cinerea,0/2,100-125,B,,Branched,3
Salix cinerea,0/2,125-150,B,,Branched,3
Salix elaeagnos,0/1,40-60,B,,Branched,3
Salix elaeagnos,0/2,60-80,B,,Branched,5
Salix elaeagnos,,40-60,C,2,Branched,3
Salix elaeagnos,,40-60,C,3,Branched,5
Salix exigua,0/1,60-80,B,,Branched,2
Salix exigua,0/2,100-125,B,,Branched,3
Salix hastata 'Wehrhanhnii',,20-30,C,2,Branched,2
Salix hastata 'Wehrhanhnii',,30-40,C,3,Branched,3
Salix helvetica,,20-30,C,2,Branched,2
Salix helvetica,,20-30,C,3,Branched,3
Salix lanata,,20-30,C,2,Branched,2
Salix lanata,,20-30,C,3,Branched,2
Salix purpurea,1+0 or 1/0,20-40,Ce,100 cc,Branched,2
Salix purpurea,0/1,60-80,B,,Branched,3
Salix purpurea,0/1,100-125,B,,Branched,3
Salix purpurea 'Nana' (purpurea 'Gracilis'),,40-60,B,,Branched,3
Salix purpurea 'Nana' (purpurea 'Gracilis'),,20-30,C,2,Branched,3
Salix purpurea 'Nana' (purpurea 'Gracilis'),,40-60,C,3,Branched,5
Salix viminalis,1+0 or 1/0,20-40,Ce,100 cc,Branched,
Salix viminalis,0/1,80-100,B,,Branched,2
Salix viminalis,0/2,100-125,B,,Branched,3
Salix viminalis,0/2,125-150,B,,Branched,3
Salvia officinalis,,15-20,C,9cm,Branched,3
Salvia officinalis,,20-30,C,2,Branched,3
Salvia officinalis,,20-30,C,3,Branched,5
Salvia officinalis 'Icterina',,20-30,C,2,Branched,3
Salvia officinalis 'Icterina',,20-30,C,3,Branched,5
Salvia officinalis Purpurascens Group,,15-20,C,1,Branched,3
Salvia officinalis Purpurascens Group,,20-30,C,2,Branched,3
Salvia officinalis Purpurascens Group,,20-30,C,3,Branched,5
Sambucus nigra,1+0 or 1/0,15-30,Ce,100 cc,Branched,
Sambucus nigra,1+0 or 1/0,40-60,B,,Branched,2
Sambucus nigra,1+1 or 1/1,60-80,B,,Branched,3
Sambucus nigra,1+1 or 1/1,80-100,B,,Branched,3
Sambucus nigra,,40-60,C,2,Branched,3
Sambucus nigra 'Aurea',0/1,40-60,B,,Branched,2
Sambucus nigra 'Aurea',0/2,60-80,B,,Branched,3
Sambucus nigra 'Aurea',0/2,80-100,B,,Branched,3
Sambucus nigra 'Aurea',,40-60,C,2,Branched,2
Sambucus nigra 'Aurea',,40-60,C,3,Branched,3
Sambucus nigra 'Guincho Purple',,60-80,C,3,Branched,3
Sambucus nigra laciniata,0/1,60-80,B,,Branched,2
Sambucus nigra laciniata,,60-80,C,3,Branched,3
Santolina pinnata neapolitana,,20-30,C,2,Bushy,5
Santolina pinnata neapolitana,,20-30,C,3,Bushy,7
Santolina virens,,20-30,C,2,Bushy,5
Santolina virens,,20-30,C,3,Bushy,7
Sarcococca confusa,,20-30,C,2,Bushy,4
Sarcococca confusa,,20-30,C,3,Bushy,6
Sarcococca hookerana digyna,,20-30,C,2,Bushy,4
Sarcococca hookerana digyna,,20-30,C,3,Bushy,6
Skimmia confusa 'Kew Green',,30-40,C,3,Bushy,3
Skimmia japonica,,20-30,C,2,Bushy,3
Skimmia japonica,,30-40,C,3,Bushy,3
Skimmia japonica,,40-60,C,5-7.5,Bushy,5
Sorbaria kirilowii (S. arborea),,60-80,C,3,Branched,3
Sorbaria tomentosa angustifolia (S. aitchis,,40-60,C,2,Branched,3
Sorbaria tomentosa angustifolia (S. aitchis,,60-80,C,3,Branched,4
Spartium junceum,,40-60,C,2,Branched,3
Spartium junceum,,60-80,C,3,Branched,5
Spiraea betulifolia aemiliana,,20-30,C,2,Branched,5
Spiraea betulifolia aemiliana,,30-40,C,3,Branched,6
Spiraea japonica 'Candle Light',,30-40,C,2,Bushy,5
Spiraea japonica 'Candle Light',,40-60,C,3,Bushy,6
Spiraea japonica 'Little Princess',,20-30,C,2,Bushy,5
Spiraea japonica 'Little Princess',,30-40,C,3,Bushy,6
Staphylea colchica,,40-60,C,3,Branched,3
Stephanandra tanakae,,30-40D,C,2,Branched,3
Stephanandra tanakae,,40-60D,C,3,Branched,5
Stephanandra tanakae,,60-80D,C,5-7.5,Branched,7
Symphoricarpos albus laevigatus (rivularis,1+1 or 1/1,60-80,B,,Branched,3
Symphoricarpos albus laevigatus (rivularis,0/1,40-60,B,,Branched,
Symphoricarpos albus laevigatus (rivularis,,40-60,C,2,Branched,2
Symphoricarpos albus laevigatus (rivularis,,40-60,C,3,Branched,4
Syringa x josiflexa 'Bellicent',,60-80,RB,,Branched,2
Syringa x josiflexa 'Bellicent',,60-80,C,5-7.5,Branched,2
Syringa microphylla 'Superba',,40-60,C,3-4,Branched,2
Syringa vulgaris,1+1 or 1/1,40-60,B,,Branched,2
Tamarix ramosissima 'Rubra' (pentandra ',,40-60,C,2,Branched,2
Tamarix ramosissima 'Rubra' (pentandra ',,40-60,C,3,Branched,4
Tamarix tetandra (parviflora),,40-60,C,2,Branched,2
Tamarix tetandra (parviflora),,40-60,C,3,Branched,4
Ulex europaeus,1+0 or 1/0,15-30,Ce,100 cc,Bushy,3
Ulex europaeus,,10-15,C,0.5,Bushy,2
Ulex europaeus,,20-30,C,2,Bushy,3
Ulex europaeus,,30-40,C,3,Bushy,5
Ulex europaeus 'Flore Pleno' (europaeus ',,20-30,C,2,Bushy,3
Ulex europaeus 'Flore Pleno' (europaeus ',,30-40,C,3,Bushy,5
Viburnum x carlcephalum,,30-40,C,3,Branched,3
Viburnum farreri,,40-60,C,3,Branched,2
Viburnum lantana,1+0 or 1/0,15-30,Ce,100 cc,Branched,
Viburnum lantana,1+1 or 1/1,40-60,B,,Branched,2
Viburnum lantana,1+2 or 1/2,60-80,B,,Branched,3
Viburnum lantana,,30-40,C,2,Branched,3
Viburnum lantana,,30-40,C,3,Branched,4
Viburnum opulus,1+1 or 1/1,40-60,B,,Branched,2
Viburnum opulus,1+2 or 1/2,60-80,B,,Branched,3
Viburnum opulus,,40-60,C,2,Branched,3
Viburnum opulus,,40-60,C,3,Branched,4
Weigela 'Bristol Ruby',,40-60,C,2,Branched,3
Weigela 'Bristol Ruby',,40-60,C,3,Branched,4
Yucca flaccida 'Golden Sword',,,C,3,5 leaves,
Yucca flaccida 'Ivory',,,C,3,5 leaves,
Yucca gloriosa,,,C,3,5 leaves,
Rosa 'Fruhlingsgold',Budded,,B,,Bush,Qual A
Rosa 'Fruhlingsgold',Budded,,C,4,Bush,Qual A
Rosa 'Fruhlingsgold',Cutting,,C,2,Bush,3
Rosa 'Fruhlingsgold',Cutting,,C,3,Bush,3
Acer japonicum 'Aconitifolium',,60-80,RB,,Branched,3
Acer japonicum 'Aconitifolium',,80-100,C,10,Branched,3
Acer japonicum 'Vitifolium',,60-80,RB,,Branched,3
Acer japonicum 'Vitifolium',,80-100,C,10,Branched,3
Acer palmatum,,80-100,RB,,Branched,4
Acer palmatum,,80-100,C,10,Branched,4
Acer palmatum atropurpureum,,80-100,RB,,Branched,4
Acer palmatum atropurpureum,,80-100,C,10,Branched,5
Acer palmatum 'Bloodgood',,80-100,RB,,Branched,4
Acer palmatum 'Bloodgood',,80-100,C,10,Branched,4
Acer palmatum dissectum,,20-30,RB,,Branched,3
Acer palmatum dissectum,,30-40,RB,,Branched,4
Acer palmatum dissectum,,40-60,RB,,Branched,4
Acer palmatum dissectum,,60-80,RB,,Branched,5
Acer palmatum dissectum,,30-40,C,4,Branched,4
Acer palmatum dissectum,,40-50,C,5-7.5,Branched,4
Acer palmatum dissectum,,50-60,C,10,Branched,5
Acer palmatum 'Osakazuki',,60-80,RB,,Branched,3
Acer palmatum 'Osakazuki',,60-80,C,10,Branched,3
Aesculus parviflora,,60-80,C,5-7.5,Branched,3
Aesculus parviflora,,80-100,C,10,Branched,3
Aralia elata,,50-60,C,3,Single leader,1
Aralia elata,,80-100,C,10,Single leader,2
Arbutus unedo,,30-40,C,3,Branched,3
Arbutus unedo,,60-80,C,10,Branched,3
Aucuba japonica 'Crotonifolia',,20-30,C,2,Bushy,3
Aucuba japonica 'Crotonifolia',,30-40,C,3,Bushy,3
Aucuba japonica 'Crotonifolia',,40-60,C,10,Bushy,4
Aucuba japonica 'Variegata',,20-30,C,3,Bushy,3
Aucuba japonica 'Variegata',,40-60,C,10,Bushy,6
Berberis darwinii,,20-30,C,2,Bushy,3
Berberis darwinii,,30-40,C,3,Bushy,4
Berberis darwinii,,40-60,C,10,Bushy,6
Berberis x frikartii 'Amstelveen',,20-30,C,2,Bushy,3
Berberis x frikartii 'Amstelveen',,25-30,C,3,Bushy,4
Berberis x frikartii 'Amstelveen',,30-40,C,10,Bushy,7
Berberis x ottawensis 'Superba',,40-60,C,3,Branched,3
Berberis x ottawensis 'Superba',,60-80,C,10,Branched,3
Berberis x stenophylla,,30-40,C,2,Bushy,3
Berberis x stenophylla,,40-60,C,3,Bushy,3
Berberis x stenophylla,,60-80,C,10,Bushy,7
Berberis thunbergii atropurpurea,1+0 or 1/0,15-30,Ce,100 cc,Branched,
Berberis thunbergii atropurpurea,1+2 or 1/2,30-40,B,,Branched,3
Berberis thunbergii atropurpurea,,20-30,C,2,Branched,3
Berberis thunbergii atropurpurea,,30-40,C,3,Branched,5
Berberis thunbergii 'Rose Glow',,30-40,C,2,Branched,3
Berberis thunbergii 'Rose Glow',,30-40,C,3,Branched,4
Berberis thunbergii 'Rose Glow',,60-80,C,10,Branched,7
Brachyglottis Dunedin Group 'Sunshine' (S,,20-30,C,2,Branched,3
Brachyglottis Dunedin Group 'Sunshine' (S,,30-40,C,3,Branched,4
Brachyglottis Dunedin Group 'Sunshine' (S,,40-60,C,5-7.5,Branched,6
Brachyglottis Dunedin Group 'Sunshine' (S,,40-60,C,10,Branched,8
Buddleia davidii 'Black Knight',,40-60,C,2,Branched,3
Buddleia davidii 'Black Knight',,40-60,C,3,Branched,4
Buddleia davidii 'Black Knight',,60-80,C,10,Branched,7
Buddleia davidii 'Empire Blue',,40-60,C,2,Branched,3
Buddleia davidii 'Empire Blue',,40-60,C,3,Branched,4
Buddleia davidii 'Empire Blue',,80-100,C,10,Branched,7
Buddleia davidii 'Nanho Purple',,40-60,C,2,Branched,3
Buddleia davidii 'Nanho Purple',,40-60,C,3,Branched,4
Buddleia davidii 'Nanho Purple',,80-100,C,10,Branched,7
Buddleia davidii 'Royal Red',,40-60,C,2,Branched,3
Buddleia davidii 'Royal Red',,40-60,C,3,Branched,4
Buddleia davidii 'Royal Red',,80-100,C,10,Branched,7
Buddleia globosa,,40-60,C,2,Branched,3
Buddleia 'Lochinch',,40-60,C,2,Branched,3
Buddleia 'Lochinch',,40-60,C,3,Branched,4
Buddleia 'Lochinch',,80-100,C,10,Branched,7
Buddleia 'Pink Delight',,40-60,C,2,Branched,3
Buddleia 'Pink Delight',,40-60,C,3,Branched,4
Buddleia 'Pink Delight',,80-100,C,10,Branched,7
Buxus sempervirens,,30-40,RB,,Bushy,6
Buxus sempervirens,,15-20,C,2,Bushy,4
Buxus sempervirens,,20-30,C,2,Bushy,4
Buxus sempervirens,,30-40,C,3,Bushy,6
Buxus sempervirens,,30-40,C,5-7.5,Bushy,8
Buxus sempervirens,,40-60,C,10,Bushy,10
Ceanothus 'Blue Mound',,20-30(D),C,2,Bushy,4
Ceanothus 'Blue Mound',,30-40(D),C,3,Bushy,5
Ceanothus 'Blue Mound',,40-60 (D),C,10,Bushy,6
Ceanothus thyrsiflorus repens,,20-30(D),C,2,Bushy,4
Ceanothus thyrsiflorus repens,,30-40(D),C,3,Bushy,5
Ceanothus thyrsiflorus repens,,60-80 (D),C,10,Bushy,6
Cercis siliquastrum,,40-60,C,3,Branched,2
Chaenomeles speciosa 'Moerloosei',,40-60,C,2,Branched,2
Chaenomeles speciosa 'Moerloosei',,40-60,C,3,Branched,2
Chaenomeles speciosa 'Moerloosei',,60-80,C,10,Branched,2
Chaenomeles x superba 'Crimson & Gold',,30-40,C,2,Branched,2
Chaenomeles x superba 'Crimson & Gold',,40-60,C,3,Branched,2
Choisya 'Aztec Pearl',,20-30,C,2,Bushy,5
Choisya 'Aztec Pearl',,30-40,C,3,Bushy,5
Choisya 'Aztec Pearl',,40-60,C,10,Bushy,7
Choisya ternata,,20-30,C,2,Bushy,3
Choisya ternata,,30-40,C,3,Bushy,4
Choisya ternata,,40-60,C,5-7.5,Bushy,5
Choisya ternata,,40-60,C,10,Bushy,7
Choisya ternata 'Sundance',,20-30,C,2,Bushy,3
Choisya ternata 'Sundance',,30-40,C,3,Bushy,4
Choisya ternata 'Sundance',,40-60,C,5-7.5,Bushy,5
Choisya ternata 'Sundance',,40-60,C,10,Bushy,7
Cistus x cyprius,,20-30,C,2,Bushy,3
Cistus x cyprius,,30-40,C,3,Bushy,4
Cistus x cyprius,,40-60,C,5-7.5,Bushy,6
Cistus x cyprius,,40-60,C,10,Bushy,8
Cistus x dansereaui 'Decumbens' (lusitani,,20-30,C,2,Bushy,3
Cistus x dansereaui 'Decumbens' (lusitani,,30-40,C,3,Bushy,4
Cistus x dansereaui 'Decumbens' (lusitani,,40-60,C,5-7.5,Bushy,6
Cistus x dansereaui 'Decumbens' (lusitani,,40-60,C,10,Bushy,8
Cistus laurifolius,,20-30,C,2,Bushy,3
Cistus laurifolius,,30-40,C,3,Bushy,4
Cistus laurifolius,,40-60,C,5-7.5,Bushy,6
Cistus laurifolius,,40-60,C,10,Bushy,8
Cistus 'Peggy Sammons',,20-30,C,2,Bushy,3
Cistus 'Peggy Sammons',,30-40,C,3,Bushy,4
Cistus 'Peggy Sammons',,40-60,C,5-7.5,Bushy,6
Cistus 'Peggy Sammons',,40-60,C,10,Bushy,8
Cistus x pulverulentus,,20-30,C,2,Bushy,3
Cistus x pulverulentus,,30-40,C,3,Bushy,4
Cistus x pulverulentus,,40-60,C,5-7.5,Bushy,6
Cistus x pulverulentus,,40-60,C,10,Bushy,8
Cistus x purpureus,,20-30,C,2,Bushy,3
Cistus x purpureus,,30-40,C,3,Bushy,4
Cistus x purpureus,,40-60,C,5-7.5,Bushy,6
Cistus x purpureus,,40-60,C,10,Bushy,8
Cornus alba,1+0 or 1/0,20-40,Ce,100 cc,Branched,
Cornus alba,1+1 or 1/1,40-60,B,,Branched,2
Cornus alba,1+2,60-80,B,,Branched,3
Cornus alba,,40-60,C,2,Branched,2
Cornus alba,,60-80,C,3,Branched,3
Cornus alba,,80-100,C,10,Branched,5
Cornus alba 'Elegantissima',,40-60,C,2,Branched,3
Cornus alba 'Elegantissima',,40-60,C,3,Branched,4
Cornus alba 'Elegantissima',,80-100,C,10,Branched,5
Cornus alba 'Spaethii',,40-60,C,3,Branched,4
Cornus alba 'Spaethii',,80-100,C,10,Branched,5
Cornus alba 'Sibirica' ('Westonbirt'),,40-60,C,2,Branched,3
Cornus alba 'Sibirica' ('Westonbirt'),,40-60,C,3,Branched,4
Cornus alba 'Sibirica' ('Westonbirt'),,80-100,C,10,Branched,5
Cornus kousa chinensis,,40-60,C,3,Branched,3
Cornus kousa chinensis,,60-80,C,10,Branched,5
Cornus stolonifera 'Flaviramea',1+1 or 1/1,40-60,B,,Branched,2
Cornus stolonifera 'Flaviramea',,40-60,C,2,Branched,3
Cornus stolonifera 'Flaviramea',,60-80,C,3,Branched,4
Cornus stolonifera 'Flaviramea',,60-80,C,10,Branched,5
Corylus avellana 'Contorta',,60-80,RB,,Branched,3
Corylus avellana 'Contorta',,30-40,C,3,Branched,2
Corylus avellana 'Contorta',,60-80,C,10,Branched,3
Corylus maxima 'Purpurea',,40-60,C,3,Branched,2
Corylus maxima 'Purpurea',,60-80,C,10,Branched,4
Cotinus coggygria 'Royal Purple',,30-40,C,3,Branched,3
Cotinus coggygria 'Royal Purple',,40-60,C,5-7.5,Branched,4
Cotinus coggygria 'Royal Purple',,40-60,C,10,Branched,5
Cotoneaster conspicuus 'Decorus',,20-30,C,2,Branched,3
Cotoneaster conspicuus 'Decorus',,30-40,C,3,Branched,3
Cotoneaster conspicuus 'Decorus',,40-60,C,5-7.5,Branched,4
Cotoneaster conspicuus 'Decorus',,40-60,C,10,Branched,6
Cotoneaster dammeri,,20-30 (D),C,2,Bushy,3
Cotoneaster dammeri,,30-40 (D),C,3,Bushy,4
Cotoneaster dammeri,,40-60(D),C,5-7.5,Bushy,5
Cotoneaster dammeri,,40-60 (D),C,10,Bushy,6
Cotoneaster franchettii,,40-60,C,2,Branched,3
Cotoneaster franchettii,,60-80,C,3,Branched,4
Cotoneaster franchettii,,80-100,C,10,Branched,6
Cotoneaster frigidus 'Cornubia',,60-80,C,3,Branched,2
Cotoneaster frigidus 'Cornubia',,80-100,C,10,Branched,5
Cotoneaster horizontalis,1+0 or 1/0,20-40,Ce,100 cc,Branched,
Cotoneaster horizontalis,,20-30,C,2,Branched,3
Cotoneaster horizontalis,,30-40,C,3,Branched,4
Cotoneaster horizontalis,,40-60,C,5-7.5,Branched,5
Cotoneaster horizontalis,,60-80,C,10,Branched,6
Cotoneaster lacteus,,30-40,C,2,Branched,3
Cotoneaster lacteus,,40-60,C,3,Branched,4
Cotoneaster lacteus,,60-80,C,5-7.5,Branched,6
Cotoneaster lacteus,,80-100,C,10,Branched,8
Cotoneaster microphyllus,,15-20,C,2,Bushy,2
Cotoneaster microphyllus,,30-40,C,3,Bushy,3
Cotoneaster microphyllus,,40-60,C,5-7.5,Bushy,6
Cotoneaster microphyllus,,40-60,C,10,Bushy,8
Cotoneaster simonsii,1+0 or 1/0,20-30,Ce,100 cc,Branched,
Cotoneaster simonsii,1+1 or 1/1,40-60,B,,Branched,3
Cotoneaster simonsii,,40-60,C,2,Branched,3
Cotoneaster simonsii,,60-80,C,3,Branched,4
Cotoneaster simonsii,,60-80,C,5-7.5,Branched,5
Cotoneaster simonsii,,80-100,C,10,Branched,6
Cotoneaster x suecicus 'Coral Beauty',,30-40 (D),C,2,Bushy,3
Cotoneaster x suecicus 'Coral Beauty',,40-60 (D),C,3,Bushy,4
Cotoneaster x suecicus 'Coral Beauty',,40-60 (D),C,5-7.5,Bushy,6
Cotoneaster x suecicus 'Coral Beauty',,60-80(D),C,10,Bushy,8
Cotoneaster x suecicus 'Skogholm',,30-40 (D),C,2,Bushy,3
Cotoneaster x suecicus 'Skogholm',,40-60 (D),C,3,Bushy,4
Cotoneaster x suecicus 'Skogholm',,40-60 (D),C,5-7.5,Bushy,6
Cotoneaster x suecicus 'Skogholm',,40-60 (D),C,10,Bushy,8
Cotoneaster x watereri 'John Waterer',,60-80,C,3,Branched,3
Cotoneaster x watereri 'John Waterer',,80-100,C,10,Branched,6
Cytisus x praecox 'Warminster' (x praecox,,30-40,C,2,Bushy,5
Cytisus x praecox 'Warminster' (x praecox,,40-60,C,3,Bushy,7
Cytisus x praecox 'Allgold',,30-40,C,2,Bushy,5
Cytisus x praecox 'Allgold',,40-60,C,3,Bushy,7
Deutzia 'Mont Rose',,30-40,C,2,Branched,3
Deutzia 'Mont Rose',,40-60,C,3,Branched,4
Elaeagnus x ebbingei,,30-40,C,2,Branched,3
Elaeagnus x ebbingei,,30-40,C,3,Branched,3
Elaeagnus x ebbingei,,40-60,C,3,Branched,3
Elaeagnus x ebbingei,,60-80,C,5-7.5,Branched,4
Elaeagnus pungens 'Maculata',,20-30,C,2,Branched,2
Elaeagnus pungens 'Maculata',,30-40,C,3,Branched,3
Elaeagnus pungens 'Maculata',,30-40,C,5-7.5,Branched,4
Elaeagnus pungens 'Maculata',,40-60,C,10,Branched,5
Escallonia 'Apple Blossom',,30-40,C,2,Bushy,3
Escallonia 'Apple Blossom',,40-60,C,3,Bushy,4
Escallonia 'Apple Blossom',,60-80,C,10,Bushy,6
Escallonia 'Donard Radiance',,30-40,C,2,Bushy,3
Escallonia 'Donard Radiance',,40-60,C,3,Bushy,4
Escallonia 'Donard Radiance',,60-80,C,10,Bushy,6
Escallonia 'Edinensis',,30-40,C,2,Bushy,3
Escallonia 'Edinensis',,40-60,C,3,Bushy,4
Escallonia 'Edinensis',,60-80,C,10,Bushy,6
Escallonia 'Langleyensis',,30-40,C,2,Bushy,3
Escallonia 'Langleyensis',,40-60,C,3,Bushy,4
Escallonia 'Langleyensis',,60-80,C,10,Bushy,6
Escallonia 'Peach Blossom',,30-40,C,2,Bushy,3
Escallonia 'Peach Blossom',,40-60,C,3,Bushy,4
Escallonia 'Peach Blossom',,60-80,C,10,Bushy,6
Escallonia 'Pride of Donard',,30-40,C,2,Bushy,3
Escallonia 'Pride of Donard',,40-60,C,3,Bushy,4
Escallonia 'Pride of Donard',,60-80,C,10,Bushy,6
Escallonia 'Red Elf',,30-40,C,2,Bushy,3
Escallonia 'Red Elf',,40-60,C,3,Bushy,4
Escallonia 'Red Elf',,60-80,C,10,Bushy,6
Escallonia rubra macrantha,,30-40,C,2,Bushy,3
Escallonia rubra macrantha,,40-60,C,3,Bushy,4
Escallonia rubra macrantha,,60-80,C,10,Bushy,6
Euonymus alatus,,30-40,C,3,Branched,3
Euonymus alatus,,60-80,C,5-7.5,Branched,5
Euonymus alatus,,60-80,C,10,Branched,7
Euonymus fortunei 'Emerald Gaiety',,15-20 (D),C,2,Bushy,5
Euonymus fortunei 'Emerald Gaiety',,20-30 (D),C,3,Bushy,7
Euonymus fortunei 'Emerald Gaiety',,30-40(D),C,5-7.5,Bushy,9
Euonymus fortunei 'Emerald Gaiety',,30-40(D),C,10,Bushy,11
Euonymus fortunei 'Emerald 'n' Gold',,15-20 (D),C,1,Bushy,5
Euonymus fortunei 'Emerald 'n' Gold',,20-30(D),C,2,Bushy,5
Euonymus fortunei 'Emerald 'n' Gold',,20-30(D),C,3,Bushy,7
Euonymus fortunei 'Emerald 'n' Gold',,30-40(D),C,5-7.5,Bushy,9
Euonymus fortunei 'Emerald 'n' Gold',,30-40(D),C,10,Bushy,11
Euonymus japonicus 'Latifolius Albomargi,,30-40,C,3,Branched,3
Euonymus japonicus 'Latifolius Albomargi,,60-80,C,10,Branched,5
Euonymus japonicus 'Ovatus Aureus',,30-40,C,3,Branched,3
Euonymus japonicus 'Ovatus Aureus',,60-80,C,10,Branched,5
Fatsia japonica,,30-40,C,3,Leader,
Fatsia japonica,,60-80,C,10,Leader,
Forsythia x intermedia 'Lynwood',0/2,60-80,B,,Branched,3
Forsythia x intermedia 'Lynwood',,30-40,C,2,Branched,3
Forsythia x intermedia 'Lynwood',,40-60,C,3,Branched,4
Forsythia x intermedia 'Lynwood',,60-80,C,5-7.5,Branched,5
Forsythia x intermedia 'Lynwood',,80-100,C,10,Branched,7
Garrya elliptica 'James Roof',,30-40,C,3,Leader and laterals,3
Garrya elliptica 'James Roof',,60-80,C,10,Leader and laterals,5
Genista hispanica,,20-30,C,2,Bushy,5
Genista hispanica,,30-40,C,3,Bushy,5
Genista hispanica,,30-40,C,5-7.5,Bushy,7
Genista hispanica,,30-40,C,10,Bushy,9
Genista lydia,,20-30 (D),C,2,Bushy,4
Genista lydia,,30-40 (D),C,3,Bushy,5
Genista lydia,,40-60 (D),C,5-7.5,Bushy,7
Genista lydia,,40-60 (D),C,10,Bushy,9
Griselinia litoralis,,40-60,C,3,Bushy,3
Griselinia litoralis,,60-80,C,10,Bushy,7
Hamamelis x intermedia 'Jelena',,60-80,RB,,Branched,4
Hamamelis x intermedia 'Jelena',,80-100,RB,,Branched,4
Hamamelis x intermedia 'Jelena',,60-80,C,10,Branched,5
Hamamelis x intermedia 'Pallida',,60-80,RB,,Branched,3
Hamamelis x intermedia 'Pallida',,80-100,RB,,Branched,3
Hamamelis x intermedia 'Pallida',,60-80,C,10,Branched,5
Hamamelis mollis,,60-80,RB,,Branched,3
Hamamelis mollis,,80-100,RB,,Branched,3
Hamamelis mollis,,60-80,C,10,Branched,5
Hebe albicans,,20-30D,C,2,Bushy,3
Hebe albicans,,20-30D,C,3,Bushy,5
Hebe albicans,,30-40D,C,5-7.5,Bushy,7
Hebe albicans,,40-60D,C,10,Bushy,9
Hebe x franciscana 'Blue Gem',,20-30,C,2,Bushy,3
Hebe x franciscana 'Blue Gem',,20-30,C,3,Bushy,5
Hebe x franciscana 'Blue Gem',,40-60,C,5-7.5,Bushy,7
Hebe x franciscana 'Blue Gem',,40-60,C,10,Bushy,9
Hebe 'Midsummer Beauty',,30-40,C,2,Bushy,3
Hebe 'Midsummer Beauty',,30-40,C,3,Bushy,5
Hebe 'Midsummer Beauty',,40-60,C,5-7.5,Bushy,7
Hebe 'Midsummer Beauty',,40-60,C,10,Bushy,9
Hebe 'Mrs Winder',,20-30,C,2,Bushy,3
Hebe 'Mrs Winder',,30-40,C,3,Bushy,5
Hebe 'Mrs Winder',,40-60,C,5-7.5,Bushy,7
Hebe 'Mrs Winder',,40-60,C,10,Bushy,9
Hebe pinguifolia 'Pagei',,20-30D,C,2,Bushy,3
Hebe pinguifolia 'Pagei',,20-30D,C,3,Bushy,5
Hebe pinguifolia 'Pagei',,30-40D,C,5-7.5,Bushy,7
Hebe pinguifolia 'Pagei',,30-40D,C,10,Bushy,9
Hebe pinguifolia 'Sutherlandii',,15-20D,C,2,Bushy,3
Hebe pinguifolia 'Sutherlandii',,20-30D,C,3,Bushy,5
Hebe pinguifolia 'Sutherlandii',,40-60D,C,10,Bushy,9
Hebe rakaiensis,,15-20,C,2,Bushy,3
Hebe rakaiensis,,20-30,C,3,Bushy,5
Hebe rakaiensis,,30-40,C,5-7.5,Bushy,7
Hebe rakaiensis,,30-40,C,10,Bushy,9
Hebe 'Red Edge',,15-20(D),C,2,Bushy,3
Hebe 'Red Edge',,20-30(D),C,3,Bushy,5
Hebe 'Red Edge',,30-40(D),C,5-7.5,Bushy,7
Hebe 'Red Edge',,30-40(D),C,10,Bushy,9
Hebe 'White Gem',,20-30,C,2,Bushy,3
Hebe 'White Gem',,30-40,C,3,Bushy,5
Hebe 'White Gem',,30-40,C,5-7.5,Bushy,7
Hebe 'White Gem',,40-60,C,10,Bushy,9
Hydrangea arborescens 'Annabelle',,40-60,C,3,Branched,3
Hydrangea macrophylla 'Mariesii Perfecta',,40-60,C,5,Branched,5
Hydrangea macrophylla 'Mariesii Perfecta',,60-80,C,10,Branched,7
Hydrangea paniculata 'Grandiflora',,30-40,C,3,Branched,3
Hydrangea paniculata 'Grandiflora',,40-60,C,5,Branched,5
Hydrangea paniculata 'Grandiflora',,60-80,C,10,Branched,7
Hydrangea 'Preziosa',,30-40,C,3,Branched,3
Hydrangea 'Preziosa',,40-60,C,5,Branched,5
Hydrangea 'Preziosa',,60-80,C,10,Branched,7
Hypericum 'Hidcote',,20-30,C,2,Bushy,3
Hypericum 'Hidcote',,30-40,C,3,Bushy,5
Hypericum 'Hidcote',,40-60,C,5-7.5,Bushy,7
Hypericum 'Hidcote',,40-60,C,10,Bushy,9
Ilex x altaclarensis 'Golden King',,40-60,C,3,Leader and laterals,
Ilex x altaclarensis 'Golden King',,60-80,C,10,Leader and laterals,
Ilex aquifolium,,20-30,C,9cm,Leader and laterals,
Ilex aquifolium,,30-40,C,2,Bushy,2
Ilex aquifolium,,30-40,C,2,Leader and laterals,
Ilex aquifolium,,40-60,C,2,Leader and laterals,
Ilex aquifolium,,40-60,C,3,Bushy,3
Ilex aquifolium,,40-60,C,3,Leader and laterals,
Ilex aquifolium,,60-80,C,3,Leader and laterals,
Ilex aquifolium,,80-100,C,10,Leader and laterals,
Ilex aquifolium 'Silver Queen',,40-60,C,3,Leader and laterals,
Ilex aquifolium 'Silver Queen',,60-80,C,10,Leader and laterals,
Ilex aquifolium 'J C Van Thol',,40-60,C,3,Leader and laterals,
Ilex aquifolium 'J C Van Thol',,40-60,C,5-7.5,Leader and laterals,
Ilex aquifolium 'J C Van Thol',,60-80,C,10,Leader and laterals,
Jasminum nudiflorum,,30-40,C,2,Branched,3
Jasminum nudiflorum,,40-60,C,3,Branched,4
Jasminum nudiflorum,,60-80,C,5-7.5,Branched,7
Jasminum nudiflorum,,60-80,C,10,Branched,9
Kerria japonica,,40-60,C,2,Branched,3
Kerria japonica,,40-60,C,3,Branched,5
Laurus nobilis,,40-60,C,3,Bushy,5
Laurus nobilis,,60-80,C,3,Leader and Lateral,
Laurus nobilis,,60-80,C,10,Bushy,9
Laurus nobilis,,80-100,C,10,Leader and Lateral,
Lavandula angustifolia (vera),,15-20,C,2,Bushy,5
Lavandula angustifolia (vera),,20-30,C,3,Bushy,5
Lavandula angustifolia (vera),,30-40,C,5-7.5,Bushy,5
Lavandula angustifolia (vera),,30-40,C,10,Bushy,9
Lavandula angustifolia 'Hidcote',,15-20,C,2,Bushy,5
Lavandula angustifolia 'Hidcote',,20-30,C,3,Bushy,5
Lavandula angustifolia 'Hidcote',,30-40,C,5-7.5,Bushy,7
Lavandula angustifolia 'Hidcote',,30-40,C,10,Bushy,9
Lavandula angustifolia 'Munstead',,15-20,C,2,Bushy,5
Lavandula angustifolia 'Munstead',,20-30,C,3,Bushy,5
Lavandula angustifolia 'Munstead',,30-40,C,5-7.5,Bushy,7
Lavandula angustifolia 'Munstead',,30-40,C,10,Bushy,9
Lavandula stoechas pedunculata,,15-20,C,2,Bushy,5
Lavandula stoechas pedunculata,,20-30,C,3,Bushy,5
Lavandula stoechas pedunculata,,30-40,C,5-7.5,Bushy,7
Lavandula stoechas pedunculata,,30-40,C,10,Bushy,9
Leucothoe walteri (fontanesiana),,30-40,C,3,Bushy,3
Leucothoe walteri (fontanesiana),,40-60,C,10-12,Bushy,7
Ligustrum ovalifolium,1+0 or 1/0,20-40,Ce,100 cc,Branched,3
Ligustrum ovalifolium,0/2,40-60,B,,Branched,5
Ligustrum ovalifolium,0/2,60-80,B,,Branched,5
Ligustrum ovalifolium,,40-60,C,2,Branched,5
Ligustrum ovalifolium,,60-80,C,3,Branched,5
Ligustrum ovalifolum 'Aureum',,20-40,Ce,100 cc,Branched,
Ligustrum ovalifolum 'Aureum',,30-40,C,2,Branched,5
Ligustrum ovalifolum 'Aureum',,40-60,C,3,Branched,7
Lonicera nitida 'Baggesen's Gold',,20-30,C,2,Bushy,2
Lonicera nitida 'Baggesen's Gold',,30-40,C,3,Bushy,3
Lonicera nitida 'Baggesen's Gold',,40-60,C,5-7.5,Bushy,5
Lonicera nitida 'Baggesen's Gold',,40-60,C,10,Bushy,7
Lonicera nitida 'Maigrun' ('Maygreen'),,30-40 (D),C,2,Bushy,3
Lonicera nitida 'Maigrun' ('Maygreen'),,30-40 (D),C,3,Bushy,6
Lonicera nitida 'Maigrun' ('Maygreen'),,40-60 (D),C,5-7.5,Bushy,8
Lonicera nitida 'Maigrun' ('Maygreen'),,40-60 (D),C,10,Bushy,10
Lonicera pileata,,20-30(D),C,2,Bushy,3
Lonicera pileata,,30-40(D),C,3,Bushy,6
Lonicera pileata,,40-60 (D),C,5-7.5,Bushy,8
Lonicera pileata,,40-60 (D),C,10,Bushy,10
Lonicera pileata 'Loughall',,20-30 (D),C,2,Bushy,3
Lonicera pileata 'Loughall',,30-40 (D),C,3,Bushy,6
Lonicera pileata 'Loughall',,40-60 (D),C,5-7.5,Bushy,8
Lonicera pileata 'Loughall',,40-60 (D),C,10,Bushy,10
Magnolia grandiflora 'Exmouth',,40-60,C,3,Leader,
Magnolia grandiflora 'Exmouth',,60-80,C,5-7.5,Leader,
Magnolia grandiflora 'Exmouth',,80-100,C,10,Leader,
Magnolia liliflora 'Nigra',,60-80,RB,,Branched,3
Magnolia liliflora 'Nigra',,30-40,C,3,Branched,3
Magnolia liliflora 'Nigra',,60-80,C,10,Branched,3
Magnolia x soulangiana,,60-80,RB,,Branched,3
Magnolia x soulangiana,,30-40,C,3,Branched,3
Magnolia x soulangiana,,60-80,C,10,Branched,3
Magnolia stellata,,40-60,RB,,Branched,3
Magnolia stellata,,30-40,C,3,Branched,3
Magnolia stellata,,40-60,C,10,Branched,5
Mahonia aquifolium 'Apollo',,20-30,C,3,Branched,
Mahonia aquifolium 'Apollo',,40-60,C,7-7.5,Branched,
Mahonia aquifolium 'Apollo',,40-60,C,10,Branched,
Mahonia japonica,,20-30,C,3,Leader(s),
Mahonia japonica,,30-40,C,3,Leader(s),
Mahonia japonica,,40-60,C,5-7.5,Leader(s),
Mahonia japonica,,60-80,C,10,Bushy,3
Mahonia x media 'Charity',,20-30,C,3,Leader(s),2
Mahonia x media 'Charity',,30-40,C,3,Leader(s),2
Mahonia x media 'Charity',,20-30,C,3,Bushy,2
Mahonia x media 'Charity',,30-40,C,3,Bushy,2
Mahonia x media 'Charity',,40-60,C,5-7.5,Bushy,2
Mahonia x media 'Charity',,60-80,C,10,Bushy,3
Mahonia x wagneri 'Pinnacle' (pinnata),,20-30,C,3,Branched,3
Mahonia x wagneri 'Pinnacle' (pinnata),,40-60,C,5-7.5,Branched,5
Mahonia x wagneri 'Pinnacle' (pinnata),,40-60,C,10,Branched,7
Nandina domestica,,20-30,C,2,Single/several shoo,
Nandina domestica,,20-30,C,3,Single/several shoo,3
Nandina domestica,,40-60,C,10,Bushy,5
Olearia x haastii,,20-30,C,2,Bushy,2
Olearia x haastii,,20-30,C,3,Bushy,4
Olearia x haastii,,30-40,C,3,Bushy,4
Olearia x haastii,,40-60,C,5-7.5,Bushy,5
Olearia x haastii,,40-60,C,10,Bushy,9
Olearia x macrodonta 'Major',,40-60,C,2,Bushy,2
Olearia x macrodonta 'Major',,40-60,C,3,Bushy,4
Olearia x macrodonta 'Major',,60-80,C,10,Bushy,8
Osmanthus x burkwoodii (x Osmarea 'Bur,,20-30,C,2,Bushy,3
Osmanthus x burkwoodii (x Osmarea 'Bur,,30-40,C,3,Bushy,4
Osmanthus x burkwoodii (x Osmarea 'Bur,,40-60,C,5-7.5,Bushy,5
Osmanthus x burkwoodii (x Osmarea 'Bur,,60-80,C,10,Bushy,7
Osmanthus delavayi,,20-30,C,2,Bushy,3
Osmanthus delavayi,,20-30,C,3,Bushy,4
Osmanthus delavayi,,30-40,C,5-7.5,Bushy,5
Osmanthus delavayi,,60-80,C,10,Bushy,7
Parrotia persica,,40-60,C,3,Leader and laterals,3
Parrotia persica,,80-100,C,10,Leader and laterals,5
Philadelphus 'Beauclerk',,30-40,C,2,Branched,3
Philadelphus 'Beauclerk',,40-60,C,3,Branched,4
Philadelphus 'Beauclerk',,60-80,C,10,Branched,6
Philadelphus 'Belle Etoile',,20-30,C,2,Branched,3
Philadelphus 'Belle Etoile',,30-40,C,3,Branched,4
Philadelphus 'Belle Etoile',,40-60,C,5-7.5,Branched,5
Philadelphus 'Belle Etoile',,40-60,C,10,Branched,7
Philadelphus coronarius 'Aureus',,20-30,C,2,Branched,3
Philadelphus coronarius 'Aureus',,30-40,C,3,Branched,4
Philadelphus coronarius 'Aureus',,60-80,C,10,Branched,6
Philadelphus 'Manteau de Hermine',,20-30,C,2,Branched,3
Philadelphus 'Manteau de Hermine',,30-40,C,3,Branched,4
Philadelphus 'Manteau de Hermine',,40-60,C,10,Branched,7
Philadelphus 'Virginal',,40-60,C,2,Branched,3
Philadelphus 'Virginal',,60-80,C,3,Branched,4
Philadelphus 'Virginal',,60-80,C,5-7.5,Branched,4
Philadelphus 'Virginal',,80-100,C,10,Branched,7
Phormium cookianum hookeri 'Cream Deli,,,C,3,7 Leaves,
Phormium cookianum hookeri 'Cream Deli,,,C,10,Triple Crown,
Phormium cookianum hookeri 'Tricolor',,,C,3,7 Leaves,
Phormium cookianum hookeri 'Tricolor',,,C,10,Triple Crown,
Phormium 'Sundowner',,,C,3,7 Leaves,
Phormium 'Sundowner',,,C,10,Triple Crown,
Phormium tenax,,,C,2,5 Leaves,
Phormium tenax,,,C,3,7 Leaves,
Phormium tenax,,,C,10,Double Crown,
Phormium tenax Purpureum Group,,,C,2,5 Leaves,
Phormium tenax Purpureum Group,,,C,3,7 Leaves,
Phormium tenax Purpureum Group,,,C,5-7.5,Double Crown,
Phormium tenax Purpureum Group,,,C,10,Triple Crown,
Phormium tenax 'Variegatum',,,C,3,7 Leaves,
Phormium tenax 'Variegatum',,,C,5-7.5,Double Crown,
Phormium tenax 'Variegatum',,,C,10,Triple Crown,
Phormium 'Yellow Wave',,,C,3,7 Leaves,
Phormium 'Yellow Wave',,,C,10,Triple Crown,
Photinia x fraseri 'Red Robin',,20-30,C,2,Branched,3
Photinia x fraseri 'Red Robin',,30-40,C,3,Branched,6
Physocarpus opulifolius 'Dart's Gold',,20-30,C,2,Branched,3
Physocarpus opulifolius 'Dart's Gold',,30-40,C,3,Branched,5
Pieris floribunda 'Forest Flame',,20-30,C,2,Bushy,2
Pieris floribunda 'Forest Flame',,20-30,C,3,Bushy,3
Pieris floribunda 'Forest Flame',,30-40,C,3,Bushy,3
Pieris floribunda 'Forest Flame',,40-60,C,10,Bushy,7
Pieris japonica 'Debutante',,20-30,C,2,Bushy,2
Pieris japonica 'Debutante',,20-30,C,3,Bushy,3
Pieris japonica 'Debutante',,40-60,C,10,Bushy,7
Pieris japonica 'Firecrest',,20-30,C,2,Bushy,2
Pieris japonica 'Firecrest',,20-30,C,3,Bushy,3
Pieris japonica 'Firecrest',,40-60,C,10,Bushy,7
Pieris japonica 'Grayswood',,20-30,C,2,Bushy,2
Pieris japonica 'Grayswood',,30-40,C,3,Bushy,3
Pieris japonica 'Grayswood',,40-60,C,10,Bushy,7
Pieris japonica 'Little Heath',,20-30,C,2,Bushy,2
Pieris japonica 'Little Heath',,40-60,C,10,Bushy,7
Potentilla fruticosa 'Abbotswood',,15-20D,C,2,Bushy,3
Potentilla fruticosa 'Abbotswood',,20-30D,C,3,Bushy,4
Potentilla fruticosa 'Abbotswood',,30-40D,C,5-7.5,Bushy,5
Potentilla fruticosa 'Abbotswood',,40-60D,C,10,Bushy,6
Potentilla fruticosa 'Daydawn',,15-20D,C,2,Bushy,3
Potentilla fruticosa 'Daydawn',,20-30D,C,3,Bushy,4
Potentilla fruticosa 'Daydawn',,30-40D,C,5-7.5,Bushy,5
Potentilla fruticosa 'Daydawn',,40-60D,C,10,Bushy,7
Potentilla fruticosa 'Elizabeth',,15-20D,C,2,Bushy,3
Potentilla fruticosa 'Elizabeth',,30-40D,C,3,Bushy,4
Potentilla fruticosa 'Elizabeth',,40-60D,C,5-7.5,Bushy,5
Potentilla fruticosa 'Elizabeth',,40-60D,C,10,Bushy,7
Potentilla fruticosa 'Goldfinger',,15-20D,C,2,Bushy,3
Potentilla fruticosa 'Goldfinger',,20-30D,C,3,Bushy,4
Potentilla fruticosa 'Goldfinger',,30-40D,C,5-7.5,Bushy,5
Potentilla fruticosa 'Goldfinger',,40-60D,C,10,Bushy,7
Potentilla fruticosa 'Goldstar',,15-20D,C,2,Bushy,3
Potentilla fruticosa 'Goldstar',,20-30D,C,3,Bushy,4
Potentilla fruticosa 'Goldstar',,30-40D,C,5-7.5,Bushy,5
Potentilla fruticosa 'Goldstar',,40-60D,C,10,Bushy,7
Potentilla fruticosa 'Katherine Dykes',,15-20,C,2,Bushy,3
Potentilla fruticosa 'Katherine Dykes',,20-30,C,3,Bushy,4
Potentilla fruticosa 'Katherine Dykes',,30-40,C,5-7.5,Bushy,5
Potentilla fruticosa 'Katherine Dykes',,40-60,C,10,Bushy,7
Potentilla fruticosa 'Longacre Variety',,15-20,C,2,Bushy,3
Potentilla fruticosa 'Longacre Variety',,20-30,C,3,Bushy,4
Potentilla fruticosa 'Longacre Variety',,30-40,C,5-7.5,Bushy,5
Potentilla fruticosa 'Longacre Variety',,40-60,C,10,Bushy,7
Potentilla fruticosa 'Primrose Beauty',,15-20D,C,2,Bushy,3
Potentilla fruticosa 'Primrose Beauty',,20-30D,C,3,Bushy,4
Potentilla fruticosa 'Primrose Beauty',,30-40D,C,5-7.5,Bushy,5
Potentilla fruticosa 'Primrose Beauty',,40-60D,C,10,Bushy,7
Potentilla fruticosa 'Red Robin',,15-20D,C,2,Bushy,3
Potentilla fruticosa 'Red Robin',,20-30D,C,3,Bushy,4
Potentilla fruticosa 'Red Robin',,30-40D,C,5-7.5,Bushy,5
Potentilla fruticosa 'Red Robin',,40-60D,C,10,Bushy,7
Potentilla fruticosa 'Sunset',,15-20D,C,2,Bushy,3
Potentilla fruticosa 'Sunset',,20-30D,C,3,Bushy,4
Potentilla fruticosa 'Sunset',,30-40D,C,5-7.5,Bushy,5
Potentilla fruticosa 'Sunset',,40-60D,C,10,Bushy,7
Potentilla fruticosa 'Tangerine',,15-20D,C,2,Bushy,3
Potentilla fruticosa 'Tangerine',,20-30D,C,3,Bushy,4
Potentilla fruticosa 'Tangerine',,30-40D,C,5-7.5,Bushy,5
Potentilla fruticosa 'Tangerine',,40-60D,C,10,Bushy,7
Prunus x cistena,0/2,40-60,B,,Branched,3
Prunus x cistena,,40-60,C,3,Branched,3
Prunus x cistena,,60-80,C,10,Branched,5
Prunus laurocerasus,,40-60,RB,,Bushy,3
Prunus laurocerasus,,80-100,RB,,Bushy,3
Prunus laurocerasus,,40-60,C,2,Bushy,3
Prunus laurocerasus,,40-60,C,3,Bushy,3
Prunus laurocerasus,,60-80,C,5-7.5,Bushy,3
Prunus laurocerasus 'Cherry Brandy',,20-30D,C,2,Bushy,2
Prunus laurocerasus 'Cherry Brandy',,30-40D,C,3,Bushy,3
Prunus laurocerasus 'Cherry Brandy',,40-60D,C,5-7.5,Bushy,4
Prunus laurocerasus 'Cherry Brandy',,30-40D,C,10,Bushy,5
Prunus laurocerasus 'Otto Luyken',,30-40,C,3,Bushy,3
Prunus laurocerasus 'Otto Luyken',,40-60,C,5-7.5,Bushy,5
Prunus laurocerasus 'Otto Luyken',,60-80,C,10,Bushy,7
Prunus laurocerasus 'Rotundifolia',0/2,40-60,B,,Bushy,2
Prunus laurocerasus 'Rotundifolia',0/2,60-80,B,,Bushy,3
Prunus laurocerasus 'Rotundifolia',,40-60,C,2,Bushy,2
Prunus laurocerasus 'Rotundifolia',,40-60,C,3,Bushy,4
Prunus laurocerasus 'Rotundifolia',,60-80,C,3,Bushy,3
Prunus laurocerasus 'Zabelliana',,20-30D,C,2,Bushy,2
Prunus laurocerasus 'Zabelliana',,30-40 (D),C,3,Bushy,3
Prunus laurocerasus 'Zabelliana',,40-60 (D),C,5-7.5,Bushy,5
Prunus laurocerasus 'Zabelliana',,60-80 (D),C,10,Bushy,7
Prunus lusitanica,,30-40,C,2,Bushy,3
Prunus lusitanica,,40-60,C,3,Bushy,4
Prunus lusitanica,,80-100,C,10,Bushy,6
Prunus spinosa,1+0 or 1/0,20-40,Ce,100 cc,Branched,
Prunus spinosa,1+0 or 1/0,40-60,B,,Leader,
Prunus spinosa,1+1 or 1/1,40-60,B,,Branched,2
Prunus spinosa,1+1 or 1/1,60-80,B,,Branched,2
Prunus spinosa,1+2 or 1/2,80-100,B,,Branched,3
Prunus spinosa,,40-60,C,2,Branched,3
Prunus spinosa,,40-60,C,3,Branched,5
Pyracantha coccinea 'Red Cushion',,20-30D,C,2,Bushy,3
Pyracantha coccinea 'Red Cushion',,30-40D,C,3,Bushy,5
Pyracantha coccinea 'Red Cushion',,40-60D,C,10,Bushy,9
Pyracantha 'Orange Glow',,40-60,C,2,Leader and laterals,2
Pyracantha 'Orange Glow',,40-60,C,3,Leader and laterals,4
Pyracantha 'Orange Glow',,60-80,C,3,Leader and laterals,3
Pyracantha 'Orange Glow',,80-100,C,10,Leader and laterals,6
Pyracantha rogersiana,,40-60,C,2,Leader and laterals,2
Pyracantha rogersiana,,40-60,C,3,Leader and laterals,4
Pyracantha rogersiana,,60-80,C,3,Leader and laterals,3
Pyracantha rogersiana,,80-100,C,10,Leader and laterals,6
Pyracantha 'Teton',,20-30D,C,2,Leader and laterals,3
Pyracantha 'Teton',,30-40D,C,3,Leader and laterals,5
Pyracantha 'Teton',,40-60D,C,10,Leader and laterals,9
Pyracantha 'Watereri',,40-60,C,2,Leader and laterals,2
Pyracantha 'Watereri',,40-60,C,3,Leader and laterals,4
Pyracantha 'Watereri',,60-80,C,3,Leader and laterals,3
Pyracantha 'Watereri',,80-100,C,10,Leader and laterals,6
Rhododendron 'Bagshot Ruby',,40-50,RB,,Branched,3
Rhododendron 'Bagshot Ruby',,50-60,RB,,Branched,3
Rhododendron 'Bagshot Ruby',,30-40,C,3-4,Branched,3
Rhododendron 'Bagshot Ruby',,40-60,C,5-7.5,Branched,3
Rhododendron 'Bagshot Ruby',,40-60,C,10,Branched,3
Rhododendron 'Cynthia',,40-50,RB,,Branched,3
Rhododendron 'Cynthia',,50-60,RB,,Branched,3
Rhododendron 'Cynthia',,30-40,C,3-4,Branched,3
Rhododendron 'Cynthia',,40-60,C,5-7.5,Branched,3
Rhododendron 'Cynthia',,40-60,C,10,Branched,3
Rhododendron 'Britannia',,40-50,RB,,Branched,3
Rhododendron 'Britannia',,50-60,RB,,Branched,3
Rhododendron 'Britannia',,30-40,C,3-4,Branched,3
Rhododendron 'Britannia',,40-60,C,5-7.5,Branched,3
Rhododendron 'Britannia',,40-60,C,10,Branched,3
Rhododendron 'Betty Wormald',,50-60,RB,,Branched,3
Rhododendron 'Betty Wormald',,30-40,C,3-4,Branched,3
Rhododendron 'Betty Wormald',,40-60,C,5-7.5,Branched,3
Rhododendron 'Betty Wormald',,40-60,C,10,Branched,3
Rhododendron 'Anna Rose Whitney',,40-50,RB,,Branched,3
Rhododendron 'Anna Rose Whitney',,50-60,RB,,Branched,3
Rhododendron 'Anna Rose Whitney',,30-40,C,3-4,Branched,3
Rhododendron 'Anna Rose Whitney',,40-60,C,5-7.5,Branched,3
Rhododendron 'Anna Rose Whitney',,40-60,C,10,Branched,3
Rhododendron 'Furnivall's Daughter',,40-50,RB,,Branched,3
Rhododendron 'Furnivall's Daughter',,50-60,RB,,Branched,3
Rhododendron 'Furnivall's Daughter',,30-40,C,3-4,Branched,3
Rhododendron 'Furnivall's Daughter',,40-60,C,5-7.5,Branched,3
Rhododendron 'Furnivall's Daughter',,40-60,C,10,Branched,3
Rhododendron 'Beauty of Littleworth',,40-50,RB,,Branched,3
Rhododendron 'Beauty of Littleworth',,50-60,RB,,Branched,3
Rhododendron 'Beauty of Littleworth',,30-40,C,3-4,Branched,3
Rhododendron 'Beauty of Littleworth',,40-60,C,5-7.5,Branched,3
Rhododendron 'Beauty of Littleworth',,40-60,C,10,Branched,3
Rhododendron 'Loders White',,40-50,RB,,Branched,3
Rhododendron 'Loders White',,50-60,RB,,Branched,3
Rhododendron 'Loders White',,30-40,C,3-4,Branched,3
Rhododendron 'Loders White',,40-60,C,5-7.5,Branched,3
Rhododendron 'Loders White',,40-60,C,10,Branched,3
Rhododendron fastuosum 'Flore Pleno',,40-50,RB,,Branched,3
Rhododendron fastuosum 'Flore Pleno',,50-60,RB,,Branched,3
Rhododendron fastuosum 'Flore Pleno',,30-40,C,3-4,Branched,3
Rhododendron fastuosum 'Flore Pleno',,40-60,C,5-7.5,Branched,3
Rhododendron fastuosum 'Flore Pleno',,40-60,C,10,Branched,3
Rhododendron 'Purple Splendor',,40-50,RB,,Branched,3
Rhododendron 'Purple Splendor',,50-60,RB,,Branched,3
Rhododendron 'Purple Splendor',,30-40,C,3-4,Branched,3
Rhododendron 'Purple Splendor',,40-60,C,5-7.5,Branched,3
Rhododendron 'Purple Splendor',,40-60,C,10,Branched,3
Rhododendron 'Susan',,40-50,RB,,Branched,3
Rhododendron 'Susan',,50-60,RB,,Branched,3
Rhododendron 'Susan',,30-40,C,3-4,Branched,3
Rhododendron 'Susan',,40-60,C,5-7.5,Branched,3
Rhododendron 'Susan',,40-60,C,10,Branched,3
Rhododendron 'Berryrose',,40-50,RB,,Branched,2
Rhododendron 'Berryrose',,30-40,C,5-7.5,Branched,2
Rhododendron 'Berryrose',,40-60,C,10,Branched,2
Rhododendron 'Cecile',,40-50,RB,,Branched,2
Rhododendron 'Cecile',,30-40,C,5-7.5,Branched,2
Rhododendron 'Cecile',,40-60,C,10,Branched,2
Rhododendron 'Homebush',,40-50,RB,,Branched,2
Rhododendron 'Homebush',,30-40,C,5-7.5,Branched,2
Rhododendron 'Homebush',,40-60,C,10,Branched,2
Rhododendron 'Strawberry Ice',,40-50,RB,,Branched,2
Rhododendron 'Strawberry Ice',,30-40,C,5-7.5,Branched,2
Rhododendron 'Strawberry Ice',,40-60,C,10,Branched,2
Rhododendron Corneille,,40-50,RB,,Branched,2
Rhododendron Corneille,,30-40,C,5-7.5,Branched,2
Rhododendron Corneille,,40-60,C,10,Branched,2
Rhododendron 'Persil',,40-50,RB,,Branched,2
Rhododendron 'Persil',,30-40,C,5-7.5,Branched,2
Rhododendron 'Persil',,40-60,C,10,Branched,2
Rhododendron 'Silver Slipper',,40-50,RB,,Branched,2
Rhododendron 'Silver Slipper',,30-40,C,5-7.5,Branched,2
Rhododendron 'Silver Slipper',,40-60,C,10,Branched,2
Rhododendron 'Gibraltar',,40-50,RB,,Branched,2
Rhododendron 'Gibraltar',,30-40,C,5-7.5,Branched,2
Rhododendron 'Gibraltar',,40-60,C,10,Branched,2
Rhododendron 'Spek's Orange',,40-50,RB,,Branched,2
Rhododendron 'Spek's Orange',,30-40,C,5-7.5,Branched,2
Rhododendron 'Spek's Orange',,40-60,C,10,Branched,2
Rhododendron 'Daviesii',,40-50,RB,,Branched,2
Rhododendron 'Daviesii',,30-40,C,5-7.5,Branched,2
Rhododendron 'Daviesii',,40-60,C,10,Branched,2
Rhododendron luteum,,30-40,RB,,Branched,4
Rhododendron luteum,,40-50,RB,,Branched,4
Rhododendron luteum,,40-60,C,10,Branched,4
Rhododendron 'Nancy Waterer',,40-50,RB,,Branched,2
Rhododendron 'Nancy Waterer',,30-40,C,5-7.5,Branched,2
Rhus glabra,,60-80,RB,,Single or several sh,2
Rhus glabra,,80-100,RB,,Single or several sh,3
Rhus glabra,,60-80,C,4,Single shoot,1
Rhus glabra,,60-80,C,4,Two shoots,2
Rhus glabra,,125-150,C,10,Single or several sh,3
Rhus typhina,,80-100,RB,,Several shoots,3
Rhus typhina,,100-125,RB,,Several shoots,2
Rhus typhina,,125-150,RB,,Several shoots,3
Rhus typhina,,40-60,C,2,Single shoot,1
Rhus typhina,,60-80,C,4,Single shoot,1
Rhus typhina,,60-80,C,4,Two shoots,2
Rhus typhina 'Laciniata',,60-80,RB,,Several shoots,2
Rhus typhina 'Laciniata',,80-100,RB,,Several shoots,3
Rhus typhina 'Laciniata',,60-80,C,4,1 or 3 shoots,2
Rhus typhina 'Laciniata',,80-100,C,5-7.5,1 or 3 shoots,2
Ribes odoratum,,30-40,C,2,Branched,2
Ribes odoratum,,40-60,C,3,Branched,3
Ribes sanguineum 'Pulborough Scarlet',,40-60,C,2,Branched,3
Ribes sanguineum 'Pulborough Scarlet',,60-80,C,3,Branched,3
Ribes sanguineum 'Pulborough Scarlet',,80-100,C,10,Branched,7
Rosa 'Bonica',Budded,,B,,Bush,Qual A
Rosa 'Bonica',Budded,,C,4,Bush,Qual A
Rosa 'Bonica',Cutting,,C,2,Bush,4
Rosa 'La Sevillana',Budded,,B,,Bush,Qual A
Rosa 'La Sevillana',Budded,,C,4,Bush,Qual A
Rosa 'La Sevillana',Cutting,,C,2,Bush,Strong
Rosa 'Hertfordshire',Cutting,,B,,Bush,Strong
Rosa 'Hertfordshire',Cutting,,C,2,Bush,Strong
Rosa 'Kent',Cutting,,B,,Bush,Strong
Rosa 'Kent',Cutting,,C,2,Bush,Strong
Rosa 'Suffolk',Cutting,,B,,Bush,Strong
Rosa 'Suffolk',Cutting,,C,2,Bush,3
Rosmarinus officinalis,,30-40,C,2,Bushy,3
Rosmarinus officinalis,,40-60,C,4,Bushy,4
Rubus cockburnianus,,30-40,C,2,Branched,2
Rubus cockburnianus,,40-60,C,3,Branched,4
Rubus cockburnianus,,60-80,C,10,Branched,8
Rubus cockburnianus 'Golden Vale',,40-60,C,2,Branched,2
Rubus cockburnianus 'Golden Vale',,40-60,C,3,Branched,3
Rubus cockburnianus 'Golden Vale',,60-80,C,10,Branched,5
Rubus thibetanus 'Silver Fern',,30-40,C,2,Branched,2
Rubus thibetanus 'Silver Fern',,40-60,C,3,Branched,3
Rubus thibetanus 'Silver Fern',,60-80,C,10,Branched,5
Sambucus racemosa 'Plumosa Aurea',,40-60,C,3,Branched,3
Sambucus racemosa 'Plumosa Aurea',,60-80,C,10,Branched,4
Sambucus racemosa 'Sutherland Gold',,40-60,C,3,Branched,3
Sambucus racemosa 'Sutherland Gold',,60-80,C,10,Branched,3
Santolina chaemaecyparissus,,20-30,C,2,Bushy,5
Santolina chaemaecyparissus,,20-30,C,3,Bushy,7
Santolina chaemaecyparissus,,30-40,C,10,Bushy,9
Skimmia japonica 'Rubella',,20-30,C,2,Bushy,3
Skimmia japonica 'Rubella',,30-40,C,3,Bushy,3
Skimmia japonica 'Rubella',,40-60,C,5-7.5,Bushy,4
Skimmia japonica 'Rubella',,40-60,C,10,Bushy,5
Skimmia japonica 'Veitchii' ('Foremannii'),,20-30,C,2,Bushy,3
Skimmia japonica 'Veitchii' ('Foremannii'),,30-40,C,3,Bushy,3
Skimmia japonica 'Veitchii' ('Foremannii'),,40-60,C,5-7.5,Bushy,4
Skimmia japonica 'Veitchii' ('Foremannii'),,40-60,C,10,Bushy,5
Spiraea x cinerea 'Grefsheim',,40-60,C,2,Branched,5
Spiraea x cinerea 'Grefsheim',,40-60,C,3,Branched,5
Spiraea x cinerea 'Grefsheim',,60-80,C,10,Branched,7
Spiraea japonica 'Anthony Waterer' (x bu,,20-30,C,2,Branched,5
Spiraea japonica 'Anthony Waterer' (x bu,,30-40,C,3,Branched,6
Spiraea japonica 'Anthony Waterer' (x bu,,40-60,C,5-7.5,Branched,7
Spiraea japonica 'Anthony Waterer' (x bu,,40-60,C,10,Branched,9
Spiraea japonica 'Fire Light',,30-40,C,2,Bushy,5
Spiraea japonica 'Fire Light',,40-60,C,3,Bushy,6
Spiraea japonica 'Gold Mound',,20-30,C,2,Bushy,5
Spiraea japonica 'Gold Mound',,30-40,C,3,Bushy,6
Spiraea japonica 'Gold Mound',,30-40,C,5-7.5,Bushy,7
Spiraea japonica 'Gold Mound',,40-60,C,10,Bushy,9
Spiraea japonica 'Goldflame' (x bumalda ',,20-30,C,2,Bushy,5
Spiraea japonica 'Goldflame' (x bumalda ',,30-40,C,3,Bushy,6
Spiraea japonica 'Goldflame' (x bumalda ',,40-60,C,5-7.5,Bushy,7
Spiraea japonica 'Goldflame' (x bumalda ',,40-60,C,10,Bushy,9
Spiraea nipponica Snowmound (nipponica,,30-40,C,2,Branched,4
Spiraea nipponica Snowmound (nipponica,,40-60,C,3,Branched,5
Spiraea nipponica Snowmound (nipponica,,40-60,C,10,Branched,9
Spiraea thunbergii,,30-40,C,2,Branched,4
Spiraea thunbergii,,40-60,C,3,Branched,5
Spiraea thunbergii,,60-80,C,10,Branched,9
Spiraea x vanhouttei,,40-60,C,2,Branched,4
Spiraea x vanhouttei,,40-60,C,3,Branched,5
Spiraea x vanhouttei,,60-80,C,10,Branched,7
Stephanandra incisa 'Crispa',,30-40D,B,,Branched,3
Stephanandra incisa 'Crispa',,20-30D,C,2,Branched,3
Stephanandra incisa 'Crispa',,30-40D,C,3,Branched,5
Stephanandra incisa 'Crispa',,40-60D,C,5-7.5,Branched,7
Stephanandra incisa 'Crispa',,40-60D,C,10,Branched,9
Symphoricarpos x chenaultii 'Hancock',0/1,40-60,B,,Branched,2
Symphoricarpos x chenaultii 'Hancock',0/2,40-60,B,,Branched,4
Symphoricarpos x chenaultii 'Hancock',,40-60,C,2,Branched,3
Symphoricarpos x chenaultii 'Hancock',,40-60,C,3,Branched,5
Symphoricarpos x chenaultii 'Hancock',,60-80,C,10,Branched,9
Symphoricarpos x doorenbosii 'Mother of,,40-60,C,2,Branched,2
Symphoricarpos x doorenbosii 'White Hed,,40-60,C,2,Branched,2
Symphoricarpos x doorenbosii 'White Hed,,40-60,C,3,Branched,4
Symphoricarpos x doorenbosii 'White Hed,,60-80,C,10,Branched,6
Syringa vulgaris 'Charles Joly',,60-80,B,,Branched,2
Syringa vulgaris 'Charles Joly',,40-60,C,3,Branched,2
Syringa vulgaris 'Charles Joly',,60-80,C,10,Branched,2/3
Syringa vulgaris 'Katherine Havemeyer',,60-80,B,,Branched,2
Syringa vulgaris 'Katherine Havemeyer',,40-60,C,3,Branched,2
Syringa vulgaris 'Katherine Havemeyer',,60-80,C,10,Branched,2/3
Syringa vulgaris 'Madame Antoine Buchne,,60-80,B,,Branched,2
Syringa vulgaris 'Madame Antoine Buchne,,40-60,C,3,Branched,2
Syringa vulgaris 'Madame Antoine Buchne,,60-80,C,10,Branched,2/3
Syringa vulgaris 'Madame Lemoine',,60-80,B,,Branched,2
Syringa vulgaris 'Madame Lemoine',,40-60,C,3,Branched,2
Syringa vulgaris 'Madame Lemoine',,60-80,C,10,Branched,2/3
Syringa vulgaris 'Mrs Edward Harding',,60-80,B,,Branched,2
Syringa vulgaris 'Mrs Edward Harding',,40-60,C,3,Branched,2
Syringa vulgaris 'Mrs Edward Harding',,60-80,C,10,Branched,2/3
Syringa vulgaris 'Souvenir de Louis Spaet,,60-80,B,,Branched,2
Syringa vulgaris 'Souvenir de Louis Spaet,,40-60,C,3,Branched,2
Syringa vulgaris 'Souvenir de Louis Spaet,,60-80,C,10,Branched,2/3
Viburnum x bodnantense,,40-60,C,3-4,Branched,2
Viburnum x bodnantense,,60-80,C,3-4,Branched,2
Viburnum x bodnantense,,60-80,C,5-7.5,Branched,3
Viburnum x bodnantense,,80-100,C,10,Branched,4
Viburnum x burkwoodii,,30-40,C,3,Branched,3
Viburnum x burkwoodii,,60-80,C,10,Branched,5
Viburnum davidii,,20-30,B,,Bushy,3
Viburnum davidii,,20-30,C,2,Bushy,2
Viburnum davidii,,20-30,C,3,Bushy,3
Viburnum davidii,,30-40,C,5-7.5,Bushy,4
Viburnum opulus 'Compactum',,20-30,C,2,Bushy,3
Viburnum opulus 'Compactum',,30-40,C,3,Bushy,4
Viburnum opulus 'Compactum',,40-60,C,10,Bushy,6
Viburnum opulus 'Roseum' ('Sterile'),,40-60,C,3,Branched,3
Viburnum plicatum 'Mariesii',,40-60,C,3,Branched,3
Viburnum plicatum 'Mariesii',,60-80,C,10,Branched,5
Viburnum rhytidophyllum,,40-60,C,3,Branched,3
Viburnum rhytidophyllum,,60-80,C,10,Branched,5
Viburnum sargentii 'Onondaga',,30-40,RB,,Branched,3
Viburnum sargentii 'Onondaga',,30-40,C,3,Branched,3
Viburnum sargentii 'Onondaga',,40-60,C,10,Branched,5
Viburnum tinus,,20-30,C,2,Bushy,3
Viburnum tinus,,20-30,C,3,Bushy,4
Viburnum tinus,,30-40,C,3,Bushy,4
Viburnum tinus,,40-60,C,5-7.5,Bushy,5
Viburnum tinus,,40-60,C,10,Bushy,7
Viburnum tinus 'Eve Price',,20-30,C,2,Bushy,3
Viburnum tinus 'Eve Price',,20-30,C,3,Bushy,4
Viburnum tinus 'Eve Price',,30-40,C,3,Bushy,4
Viburnum tinus 'Eve Price',,40-60,C,5-7.5,Bushy,5
Viburnum tinus 'Eve Price',,40-60,C,10,Bushy,7
Weigela florida 'FoliIs Purpureis',,30-40,C,2,Branched,3
Weigela florida 'FoliIs Purpureis',,30-40,C,3,Branched,4
Weigela florida 'FoliIs Purpureis',,40-60,C,3,Branched,4
Weigela florida 'FoliIs Purpureis',,60-80,C,10,Branched,6
Weigela 'Florida Variegata',,30-40,C,2,Branched,3
Weigela 'Florida Variegata',,30-40,C,3,Branched,5
Weigela 'Florida Variegata',,40-60,C,3,Branched,5
Weigela 'Florida Variegata',,60-80,C,5-7.5,Branched,7
Weigela 'Florida Variegata',,60-80,C,10,Branched,3
Yucca filamentosa,,,C,3,Single leader,5
Yucca filamentosa,,,C,10,Single leader,5
Yucca filamentosa 'Bright Edge',,,C,3,5 leaves,
Yucca filamentosa 'Bright Edge',,,C,10,9 leaves,
Cistus x hybridus (x corbariensis),,20-30,C,2,Bushy,3
Cistus x hybridus (x corbariensis),,30-40,C,3,Bushy,4
Cistus x hybridus (x corbariensis),,40-60,C,5-7.5,Bushy,6
Cistus x hybridus (x corbariensis),,40-60,C,10,Bushy,8
Berberis thunbergii 'Harlequin',,60-80,C,15,Branched,7
Brachyglottis Dunedin Group 'Sunshine' (S,,50-60,C,15,Branched,8
Buddleia davidii 'Black Knight',,80-100,C,15,Branched,8
Buddleia davidii 'Royal Red',,80-100,C,15,Branched,8
Buddleia 'Lochinch',,80-100,C,15,Branched,8
Ceanothus 'Blue Mound',,60-80,C,15,Bushy,7
Ceanothus thyrsiflorus repens,,80-100,C,15,Bushy,7
Chaenomeles x superba 'Crimson & Gold',,60-80,C,15,Branched,9
Choisya 'Aztec Pearl',,40-60,C,15,Bushy,7
Choisya ternata,,40-60,C,15,Bushy,7
Choisya ternata 'Sundance',,40-60,C,15,Bushy,7
Cistus x cyprius,,40-60,C,15,Bushy,9
Cistus x dansereaui 'Decumbens' (lusitani,,40-60,C,15,Bushy,9
Cistus laurifolius,,40-60,C,15,Bushy,9
Cistus 'Peggy Sammons',,40-60,C,15,Bushy,9
Cistus x pulverulentus,,40-60,C,15,Bushy,9
Cistus x purpureus,,40-60,C,15,Bushy,9
Chaenomeles x superba 'Jet Trail',,60-80,C,15,Branched,5
Cordyline australis,,60-80,C,15,Triple crown,
Cornus alba 'Elegantissima',,80-100,C,15,Branched,6
Cornus alba 'Ivory Halo',,40-60,C,3,Branched,4
Cornus alba 'Ivory Halo',,60-80,C,15,Branched,10
Cornus alba 'Spaethii',,80-100,C,15,Branched,6
Cornus alba 'Sibirica' ('Westonbirt'),,80-100,C,15,Branched,6
Cornus sanguinea 'Mid-Winter Fire',,40-60,C,3,Branched,3
Cornus sanguinea 'Mid-Winter Fire',,60-80,C,15,Branched,5
Cornus stolonifera 'Flaviramea',,80-100,C,15,Branched,6
Corylus maxima 'Purpurea',,80-100,C,15,Branched,6
Cotinus coggygria 'Royal Purple',,80-100,C,15,Branched,6
Cotoneaster conspicuus 'Decorus',,40-60,C,15,Branched,7
Cotoneaster dammeri 'Oakwood',,30-40,C,3,Bushy,4
Cotoneaster dammeri 'Oakwood',,40-60,C,15,Bushy,8
Cotoneaster franchettii,,100-125,C,15,Branched,6
Cotoneaster frigidus 'Cornubia',,100-125,C,15,Branched,6
Cotoneaster horizontalis,,60-80,C,15,Branched,6
Cotoneaster lacteus,,100-125,C,15,Branched,7
Cotoneaster simonsii,,100-125,C,15,Branched,7
Cotoneaster x suecicus 'Coral Beauty',,60-80(D),C,15,Bushy,8
Cytisus x praecox 'Warminster' (x praecox,,60-80,C,15,Bushy,9
Cytisus x praecox 'Allgold',,60-80,C,15,Bushy,9
Deutzia 'Mont Rose',,60-80,C,15,Bushy,5
Elaeagnus x ebbingei,,80-100,C,15,Branched,6
Elaeagnus pungens 'Maculata',,40-60,C,15,Branched,5
Escallonia 'Apple Blossom',,60-80,C,15,Bushy,7
Escallonia 'Donard Radiance',,60-80,C,15,Bushy,7
Escallonia 'Langleyensis',,60-80,C,15,Bushy,7
Euonymus fortunei 'Emerald Gaiety',,30-40,C,15,Bushy,13
Euonymus fortunei 'Emerald 'n' Gold',,30-40,C,15,Bushy,13
Euonymus japonicus 'Ovatus Aureus',,40-60,C,15,Bushy,6
Forsythia x intermedia 'Lynwood',,80-100,C,15,Bushy,7
Genista lydia,,40-60(D),C,15,Bushy,11
Griselinia litoralis,,30-40,C,2,Bushy,
Hebe pinguifolia 'Sutherlandii',,40-60,C,15,Bushy,13
Hebe 'Red Edge',,30-40(D),C,15,Bushy,13
Hebe vernicosa,,20-30,C,3,Bushy,5
Hebe vernicosa,,40-60,C,15,Bushy,7
Hydrangea macrophylla 'Mariesii Perfecta',,60-80,C,15,Branched,10
Hydrangea paniculata 'Grandiflora',,60-80,C,15,Branched,10
Hydrangea 'Preziosa',,60-80,C,15,Branched,10
Hypericum 'Hidcote',,60-80,C,15,Bushy,10
Ilex x altaclarensis 'Golden King',,60-80,C,15,Bushy,5
Ilex aquifolium,,100-125,C,15,Leader and laterals,5
Ilex aquifolium 'Silver Queen',,80-100,C,15,Bushy,5
Ilex aquifolium 'J C Van Thol',,100-125,C,15,Leader and laterals,5
Jasminum nudiflorum,,125-150,C,15,Branched,9
Lavandula angustifolia (vera),,40(D),C,15,Bushy,11
Lavandula angustifolia 'Hidcote',,60(D),C,15,Bushy,11
Lavandula angustifolia 'Munstead',,60(D),C,15,Bushy,11
Lavandula stoechas pedunculata,,60(D),C,15,Bushy,11
Ligustrum ovalifolium,,80-100,C,15,Bushy,11
Ligustrum ovalifolum 'Aureum',,60-80,C,10,Branched,9
Ligustrum ovalifolum 'Aureum',,80-100,C,15,Bushy,11
Lonicera nitida 'Baggesen's Gold',,40-60,C,15,Bushy,9
Lonicera nitida 'Maigrun' ('Maygreen'),,60-80,C,15,Bushy,11
Magnolia x soulangiana,,80-100,C,15,Branched,5
Magnolia stellata,,60-80,C,15,Branched,5
Mahonia x media 'Charity',,80-100,C,15,Bushy,3
Olearia x macrodonta 'Major',,80-100,C,15,Bushy,8
Philadelphus 'Belle Etoile',,60-80,C,15,Bushy,8
Philadelphus 'Virginal',,80-100,C,15,Bushy,8
Phormium cookianum hookeri 'Cream Deli,,60-80,C,15,Triple Crown,
Phormium cookianum hookeri 'Tricolor',,60-80,C,15,Triple Crown,
Phormium 'Sundowner',,60-80,C,15,Triple Crown,
Phormium tenax,,60-80,C,15,Triple Crown,
Phormium tenax Purpureum Group,,60-80,C,15,Triple Crown,
Phormium 'Yellow Wave',,60-80,C,15,Triple Crown,
Photinia x fraseri 'Red Robin',,60-80,C,10,Branched,7
Photinia x fraseri 'Red Robin',,80-100,C,15,Branched,8
Physocarpus opulifolius 'Dart's Gold',,60-80,C,15,Bushy,8
Pieris japonica 'Debutante',,40-60(D),C,15,Bushy,8
Pieris japonica 'Firecrest',,40-60(D),C,15,Bushy,8
Pieris japonica 'Grayswood',,40-60(D),C,15,Bushy,8
Pieris japonica 'Little Heath',,20-30,C,3,Bushy,3
Potentilla fruticosa 'Abbotswood',,40-60,C,15,Bushy,8
Potentilla fruticosa 'Elizabeth',,40-60,C,15,Bushy,8
Potentilla fruticosa 'Katherine Dykes',,40-60,C,15,Bushy,8
Potentilla fruticosa 'Red Robin',,40-60,C,15,Bushy,8
Potentilla fruticosa 'Sunset',,40-60,C,15,Bushy,8
Prunus laurocerasus,,80-100,C,10,Bushy,3
Prunus laurocerasus,,100-125,C,15,Bushy,5
Prunus laurocerasus 'Cherry Brandy',,60-80(D),C,15,Bushy,7
Prunus laurocerasus ‘Etna’,,40-60,C,3,Bushy,3
Prunus laurocerasus ‘Etna’,,80-100,C,15,Bushy,7
Prunus laurocerasus 'Otto Luyken',,60-80,C,15,Bushy,7
Prunus laurocerasus 'Rotundifolia',,80-100,C,10,Bushy,7
Prunus laurocerasus 'Rotundifolia',,100-125,C,15,Bushy,7
Prunus laurocerasus 'Zabelliana',,80-100,C,15,Bushy,7
Prunus lusitanica,,80-100,C,15,Bushy,7
Pyracantha coccinea 'Red Cushion',,60-80,C,15,Bushy,11
Pyracantha 'Orange Glow',,80-100,C,15,Leader and laterals,8
Pyracantha ‘Golden Sun’,,40-60,C,2,Leader and laterals,2
Pyracantha ‘Golden Sun’,,40-60,C,3,Leader and laterals,4
Pyracantha ‘Golden Sun’,,60-80,C,3,Leader and laterals,3
Pyracantha ‘Golden Sun’,,80-100,C,10,Leader and laterals,6
Pyracantha ‘Saphyr Orange’,,40-60,C,3,Leader and laterals,4
Pyracantha ‘Saphyr Orange’,,80-100,C,15,Bushy,6
Pyracantha ‘Saphyr Red’,,40-60,C,3,Leader and laterals,4
Pyracantha ‘Saphyr Red’,,80-100,C,15,Bushy,6
Pyracantha ‘Saphyr Yellow’,,40-60,C,3,Leader and laterals,4
Pyracantha ‘Saphyr Yellow’,,80-100,C,15,Bushy,6
Rhus typhina,,80-100,C,10,Several shoots,3
Rhus typhina,,100-125,C,15,Several shoots,3
Rhus typhina 'Laciniata',,80-100,C,10,Several shoots,3
Rhus typhina 'Laciniata',,100-125,C,15,Several shoots,3
Ribes sanguineum 'Pulborough Scarlet',,80-100,C,15,Branched,6
Rosmarinus officinalis,,40-60,C,15,Bush,6
Rubus cockburnianus 'Golden Vale',,80-100,C,15,Branched,7
Sambucus nigra ‘Black Beauty’,,40-60,C,3,Branched,3
Sambucus nigra ‘Black Beauty’,,80-100,C,15,Branched,8
Sambucus racemosa 'Sutherland Gold',,80-100,C,15,Branched,8
Santolina chaemaecyparissus,,30-40,C,15,Bushy,11
Skimmia japonica 'Rubella',,40-60,C,15,Bush,7
Spiraea x arguta,,40-60,C,3,Branched,5
Spiraea x arguta,,60-80,C,15,Branched,9
Spiraea japonica 'Anthony Waterer' (x bu,,60-80,C,15,Branched,11
Spiraea japonica 'Fire Light',,40-60,C,15,Bushy,9
Spiraea japonica 'Gold Mound',,40-60,C,15,Bushy,9
Spiraea nipponica Snowmound (nipponica,,60-80,C,15,Bushy,9
Syringa vulgaris 'Charles Joly',,80-100,C,15,Branched,6
Syringa vulgaris 'Katherine Havemeyer',,80-100,C,15,Branched,6
Syringa vulgaris 'Madame Antoine Buchne,,80-100,C,15,Branched,6
Syringa vulgaris 'Madame Lemoine',,80-100,C,15,Branched,6
Syringa vulgaris 'Mrs Edward Harding',,80-100,C,15,Branched,6
Syringa vulgaris 'Souvenir de Louis Spaet,,80-100,C,15,Branched,6
Viburnum x bodnantense,,100-125,C,15,Branched,6
Viburnum x burkwoodii,,60-80,C,15,Branched,6
Viburnum davidii,,30-40,C,10,Branched,5
Viburnum davidii,,40-60,C,15,Bushy,6
Viburnum opulus 'Roseum' ('Sterile'),,60-80,C,15,Branched,5
Viburnum plicatum 'Mariesii',,60-80,C,15,Branched,8
Viburnum tinus,,60-80,C,15,Bushy,9
Viburnum tinus 'Eve Price',,40-60,C,15,Bushy,9
Weigela florida 'FoliIs Purpureis',,60-80,C,15,Bushy,7
Weigela 'Florida Variegata',,60-80,C,15,Bushy,7
Yucca filamentosa,,40-60,C,15,Single leader,
Rosa 'Bingo Meidiland',Cutting,60-80,C,15,Bush,4
Rosa 'Bonica',,60-80,C,15,Bush,4
Rosa 'La Sevillana',Cutting,60-80,C,15,Bush,4
Rosa 'Gwent',Cutting,40-60,C,15,Bush,4
Rosa 'Hertfordshire',Cutting,60-80,C,15,Bush,4
Rosa 'Kent',Cutting,60-80,C,15,Bush,4
Rosa 'Suffolk',Cutting,40-60,C,15,Bush,4
Buddleia davidii 'White Profusion',,40-60,C,2,Branched,3
Buddleia davidii 'White Profusion',,40-60,C,3,Branched,4
Buddleia davidii 'White Profusion',,80-100,C,10,Branched,7
Buddleia davidii 'White Profusion',,80-100,C,15,Branched,8
Berberis thunbergii atropurpurea,,40-60,C,10,Branched,9
Buddleia globosa,,40-60,C,3,Branched,4
Buddleia globosa,,60-80,C,10,Branched,7
Erica erigena ‘W T Rackliff’,,,C,0.5,Bushy,
Erica erigena ‘W T Rackliff’,,,C,1,Bushy,
Erica erigena ‘W T Rackliff’,,,C,2,Bushy,
Hebe 'Mrs Winder',,40-60,C,15,Bushy,13
Hydrangea macrophylla 'Mariesii Perfecta',,30-40,C,3,Branched,3
Mahonia x media ‘Winter Sun’,,30-40,C,3,Leader(s),2
Mahonia x media ‘Winter Sun’,,20-30,C,3,Bushy,2
Mahonia x media ‘Winter Sun’,,30-40,C,3,Bushy,2
Mahonia x media ‘Winter Sun’,,40-60,C,5-7.5,Bushy,2
Mahonia x media ‘Winter Sun’,,60-80,C,10,Bushy,3
Mahonia x media ‘Winter Sun’,,80-100,C,15,Bushy,3
Symphoricarpos x doorenbosii ‘Mother of,,40-60,B,,Branched,2
Symphoricarpos x doorenbosii ‘Mother of,,40-60,C,3,Branched,4
Symphoricarpos x doorenbosii ‘Mother of,,60-80,C,10,Branched,6
Symphoricarpos x doorenbosii 'White Hed,,60-80,B,,Branched,3
Amelanchier lamarckii,,40-50,C,2,Branched,3
Amelanchier lamarckii,,60-80,C,3,Branched,3
Amelanchier lamarckii,,80-100,C,10,Branched,6
